,xG,PrgPasses,Gls/90,xG/90,Shots,Sh/90,SoT/90,Dist,PrgDist,FinalThirdPass,PenaltyAreaCross,SCA90,Tkl Def 3rd,Tkl Mid 3rd,Clearances,Touches Def Pen,Touches Def 3rd,Touches Mid 3rd,Touches Att 3rd,Touches Att Pen,short_Pass_Ratio,medium_Pass_Ratio,long_Pass_Ratio,clusters,Player_Name,Pos
607,2.7,152,0.14,0.09,22,0.75,0.37,14.8,6269,136,1,1.87,18,29,54,91,397,1144,267,32,0.4574324324324324,0.4574324324324324,0.085135135,0,Martín Zubimendi,MF
428,3.1,136,0.24,0.19,15,0.91,0.43,14.5,3933,83,4,4.21,16,13,10,22,171,773,427,36,0.4920212765957447,0.4237588652482269,0.084219858,0,Pedri,MF
427,0.6,31,0.08,0.05,9,0.73,0.32,16.5,2335,17,14,2.58,18,5,19,42,234,287,222,26,0.49731663685152055,0.3953488372093023,0.1073345259391771,0,Alfonso Pedraza,DF
165,0,100,0,0,1,0.06,0,51.1,5968,84,3,1.76,19,13,45,62,460,604,228,9,0.4584870848708487,0.4308118081180812,0.11070110701107011,0,Kiko Femenía,DF
167,0.3,52,0,0.02,7,0.49,0.07,24,2701,46,4,1.82,10,9,30,52,212,405,163,8,0.49834983498349833,0.35973597359735976,0.1419141914191419,0,Álex Fernández,MF
422,2.9,210,0.1,0.1,9,0.31,0.1,27.1,10494,177,5,2.76,16,21,29,87,538,1164,342,10,0.39864864864864863,0.44256756756756754,0.15878378378378377,0,Daniel Parejo,MF
417,5.9,128,0.13,0.19,70,2.26,1,22.5,3997,94,3,3.61,16,21,41,43,232,725,705,55,0.47468354430379744,0.33634719710669075,0.18896925858951175,0,Isaac Palazón Camacho,MF
175,1.8,89,0.24,0.14,17,1.33,0.39,18.2,2697,56,6,3.53,8,11,10,10,103,423,295,40,0.49169435215946844,0.36046511627906974,0.1478405315614618,0,Pablo Fornals,FW
177,0.6,72,0,0.03,7,0.34,0.05,16.9,4675,47,6,1.32,22,13,49,47,423,558,290,18,0.48078920041536866,0.39667705088265837,0.122533749,0,Dimitri Foulquier,DF
178,0.4,51,0.08,0.03,6,0.51,0.17,12.8,3470,50,2,1.02,18,8,44,69,270,389,175,16,0.4878048780487805,0.4115853658536585,0.10060975609756098,0,Juan Foyth,DF
429,0.7,61,0.05,0.04,16,0.82,0.21,22,3651,42,13,2.67,28,14,54,57,307,477,408,22,0.502844141,0.3583617747440273,0.13879408418657566,0,Adrià Pedrosa,DF
408,3.5,103,0.08,0.14,24,0.92,0.19,18,2859,68,0,2.69,18,20,11,17,157,651,516,62,0.5882352941176471,0.34558823529411764,0.066176471,0,Aimar Oroz,MF
184,0.3,147,0.04,0.01,11,0.47,0.09,25.4,5134,127,4,2.41,15,26,17,30,194,883,345,7,0.4496587030716723,0.4044368600682594,0.14590443686006827,0,Iñigo Ruiz de Galarreta,MF
185,1.8,294,0.08,0.05,39,1.1,0.34,26.4,14261,306,8,3.63,17,26,53,149,780,1809,651,18,0.45705196182396607,0.3598444680098975,0.18310357016613643,0,Aleix García,MF
402,5.4,124,0.13,0.17,63,1.97,0.72,16.9,3535,52,20,3.1,22,27,29,30,224,657,871,125,0.5188762071992976,0.33187006145741876,0.14925373134328357,0,Lucas Ocampos,FW
190,2.8,221,0.17,0.1,16,0.55,0.2,9.4,14739,223,2,1.43,34,18,79,180,972,1378,227,23,0.38643462739848283,0.501115573,0.11244979919678715,0,Eric García,DF
191,0.5,60,0.06,0.03,9,0.58,0.06,20.9,3312,38,6,2.19,11,12,28,39,309,464,385,23,0.583772392,0.3445732349841939,0.071654373,0,Fran Garcia,DF
195,2.3,59,0.17,0.13,28,1.63,0.58,18,2306,31,9,3.79,8,17,23,19,125,365,466,40,0.5049928673323824,0.3095577746077033,0.18544935805991442,0,Rubén García,FW
395,1.5,34,0.07,0.1,16,1.05,0.26,14.5,1721,44,5,2.03,29,29,56,67,255,480,210,36,0.6079365079365079,0.31587301587301586,0.076190476,0,Saúl Ñíguez,MF
200,0.9,39,0.1,0.09,9,0.86,0.38,15.2,1400,37,2,2.57,20,14,16,27,108,394,181,18,0.6116504854368932,0.32038834951456313,0.067961165,0,Gavi,MF
393,0.1,111,0,0,4,0.11,0,20.4,8794,70,18,1.14,22,9,108,112,795,912,310,9,0.4777708202880401,0.38196618659987475,0.14026299311208515,0,Carlos Neva,DF
183,0.1,45,0,0.01,3,0.25,0.08,20.8,2880,36,10,1.84,15,19,17,18,185,383,253,13,0.4500792393026941,0.43106180665610144,0.11885895404120443,0,Javi Galán,DF
434,0.9,78,0,0.04,17,0.73,0.22,21,4696,55,18,2.63,22,18,39,49,290,501,468,41,0.4215349369988545,0.4306987399770905,0.14776632302405499,0,Rubén Peña,DF
438,1.1,41,0.04,0.05,20,0.88,0.09,18.4,1592,24,7,1.76,10,14,5,16,144,362,374,43,0.6370510396975425,0.29300567107750475,0.069943289,0,Francisco Perez,MF
153,1,113,0,0.04,18,0.65,0.18,22.2,7831,74,10,1.94,43,22,63,82,607,801,360,27,0.44243792325056436,0.42061700526711815,0.13694507148231752,0,Alfonso Espino,DF
110,0.1,47,0,0.01,3,0.3,0,16.6,1616,37,1,1.58,8,10,15,33,126,305,99,10,0.4552058111380145,0.44552058111380144,0.099273608,0,Francis Coquelin,MF
480,1.1,126,0.09,0.05,20,0.91,0.32,24.3,5610,120,0,2.68,17,29,23,53,333,858,229,23,0.46194690265486726,0.3911504424778761,0.14690265486725665,0,Marc Roca,MF
479,1,128,0,0.04,37,1.4,0.49,28.1,5863,115,9,2.84,28,23,43,72,405,975,316,17,0.4565718677940046,0.382782475,0.1606456571867794,0,Lucas Robertone,MF
114,0.6,80,0,0.03,5,0.21,0.08,20.9,6810,70,11,2.13,39,20,61,90,597,739,292,24,0.47537138389366695,0.3612197028928851,0.163408913,0,Thierry Correia,DF
115,0.3,50,0,0.02,6,0.32,0.11,16.3,4167,36,14,2.25,23,10,35,40,285,402,306,21,0.48672566371681414,0.36788874841972186,0.14538558786346398,0,Jaume Costa,DF
116,1.1,93,0.04,0.04,22,0.86,0.12,20.9,3901,77,4,1.84,40,46,59,83,382,808,243,33,0.42534381139489197,0.4243614931237721,0.15029469548133595,0,Samu Costa,MF
476,0.3,30,0,0.04,10,1.11,0.45,23.7,2352,31,3,2.23,9,6,23,31,161,266,203,8,0.4894957983193277,0.36134453781512604,0.14915966386554622,0,Mihailo Ristić,DF
118,1.5,97,0.04,0.06,29,1.16,0.44,21.3,4090,62,17,2.24,25,14,31,50,375,633,651,79,0.5058915946582875,0.40219952867242736,0.091908877,0,Yan Couto,DF
473,6.1,77,0.18,0.22,53,1.91,0.54,21.6,2662,25,19,2.92,10,12,28,24,150,382,619,62,0.4600262123197903,0.3656618610747051,0.1743119266055046,0,Luis Rioja,FW
121,0,77,0,0,3,0.16,0,28.7,5357,69,3,0.65,16,10,39,56,315,567,200,5,0.4179431072210066,0.4234135667396061,0.1586433260393873,0,Juan Cruz Armada,DF
472,0.3,119,0,0.01,18,0.64,0.18,27,8646,106,32,2.17,32,23,76,80,458,900,467,6,0.406272274,0.4034212401995723,0.1903064861012117,0,Diego Rico,DF
128,2.2,132,0.08,0.09,32,1.34,0.5,22.4,4827,120,14,3.8,13,21,16,10,141,709,409,30,0.38181818181818183,0.3732620320855615,0.2449197860962567,0,Sergi Darder,MF
129,1.8,202,0.13,0.08,30,1.3,0.52,19.8,6879,146,7,3.55,11,14,15,27,274,1054,460,40,0.4731774415405777,0.3768913342503439,0.1499312242090784,0,Rodrigo De Paul,MF
459,1.3,127,0.13,0.08,32,2.02,0.44,26.9,4888,111,16,5.05,9,12,12,19,169,685,412,23,0.39076034648700675,0.3599615014436959,0.2492781520692974,0,Ivan Rakitić,MF
451,0.7,36,0.05,0.03,20,0.96,0.24,20.8,4008,39,10,2.01,35,8,83,112,435,555,278,33,0.4642857142857143,0.4029017857142857,0.1328125,0,Marc Pubill,DF
449,0.5,87,0,0.03,7,0.43,0.25,18.5,2698,69,2,1.3,11,23,27,30,156,614,233,14,0.5123537061118335,0.42782834850455137,0.059817945,0,Beñat Prados,MF
448,0.4,44,0,0.04,4,0.37,0.28,23.3,2929,36,8,2.31,11,6,21,28,186,340,184,11,0.4857142857142857,0.3767857142857143,0.1375,0,Alejandro Pozo Pozo,DF
299,0.5,97,0,0.03,16,0.8,0.3,23.7,2865,81,0,2.06,15,34,16,34,238,799,337,26,0.6153100775193798,0.312984496,0.071705426,0,Enzo Loiodice,MF
149,4.3,58,0.11,0.16,63,2.29,0.87,24.1,3039,40,16,3.93,29,15,12,18,195,514,633,65,0.47596153846153844,0.3161057692307692,0.20793269230769232,0,Adri Embarba,FW
151,1.9,66,0.05,0.1,14,0.74,0.16,17.4,2359,60,0,1.11,16,14,33,50,221,549,141,19,0.48489425981873113,0.3776435045317221,0.13746223564954682,0,Gonzalo Escalante,MF
440,0.2,78,0,0.01,7,0.39,0.17,23.6,5059,97,0,1.61,17,22,21,54,457,901,144,8,0.5838011226944667,0.37209302325581395,0.044105854049719326,0,Máximo Perrone,MF
391,0.1,103,0,0.01,7,0.31,0.09,25,5129,74,21,2.21,21,14,48,58,374,596,489,17,0.4454855195911414,0.37223168654173766,0.18228279386712096,0,Jesús Navas,DF
390,2.1,70,0.05,0.1,30,1.43,0.43,19.1,2156,47,11,4.53,20,21,7,14,144,437,491,48,0.5854765506807866,0.2813918305597579,0.13313161875945537,0,Roberto Navarro,MF
204,1.7,127,0.13,0.08,19,0.85,0.31,21.3,3884,116,5,2.69,7,19,22,22,157,792,411,29,0.44649446494464945,0.4160516605166052,0.13745387453874539,0,Moi Gómez,MF
208,0.5,91,0.04,0.02,14,0.51,0.15,21.3,6464,80,15,1.86,37,32,60,85,497,701,317,23,0.4680306905370844,0.38192668371696503,0.15004262574595056,0,Giovanni González,DF
248,0.6,43,0,0.04,15,0.96,0.38,25.2,3284,41,12,1.72,25,11,53,60,262,353,223,8,0.31703204047217537,0.3979763912310287,0.28499156829679595,0,Iglesias,DF
352,4.2,128,0.19,0.16,66,2.46,0.56,20.7,4210,109,5,3.77,13,20,21,36,162,851,562,63,0.5309503051438536,0.3112467306015693,0.15780296425457715,0,Brais Méndez,MF
251,8.3,216,0.31,0.32,62,2.4,0.93,18,6247,130,7,6.03,15,21,7,8,123,951,800,80,0.5065217391304347,0.32028985507246377,0.17318840579710146,0,Isco,MF
257,0.7,168,0.11,0.04,7,0.39,0.22,20.4,7114,187,7,3.3,14,23,28,69,359,1139,355,18,0.559678417,0.37600494743351887,0.064316636,0,Frenkie de Jong,MF
340,0.9,36,0,0.05,14,0.68,0.15,17.3,1609,16,6,1.55,18,17,18,26,174,416,433,50,0.5431034482758621,0.382183908,0.074712644,0,Marvin,FW
334,2.9,143,0.16,0.09,19,0.63,0.36,16.4,4489,104,1,2.34,22,15,14,48,327,1060,533,58,0.5665152498377677,0.3841661258922777,0.049318624,0,Iván Martín,MF
324,0.6,143,0.04,0.03,5,0.2,0.08,15.7,7935,131,26,1.83,26,24,44,60,375,868,529,34,0.477088949,0.3995956873315364,0.12331536388140162,0,Óscar de Marcos,DF
273,0.4,212,0,0.02,10,0.36,0.07,21.9,10659,196,1,2.06,27,32,34,82,594,1570,334,12,0.5197766402978129,0.36761284318287574,0.11261051651931131,0,Koke,MF
276,2,245,0.03,0.06,24,0.75,0.19,15.3,13135,267,5,1.92,22,10,83,157,903,1701,462,44,0.4740990990990991,0.4369369369369369,0.088963964,0,Jules Koundé,DF
277,1.6,290,0.04,0.07,35,1.48,0.55,25.2,15443,327,5,4.24,19,25,11,58,546,1641,492,13,0.4594262295081967,0.3610655737704918,0.17950819672131146,0,Toni Kroos,MF
319,0.9,36,0.25,0.1,5,0.62,0.37,10.4,2062,21,1,1.48,16,11,21,35,199,228,88,9,0.5303030303030303,0.39646464646464646,0.073232323,0,Reinildo Mandava,DF
316,5.5,73,0.11,0.15,34,0.94,0.41,11.7,2217,67,1,1.27,26,31,61,86,321,762,309,59,0.5820271682340648,0.35318704284221525,0.064785789,0,Nemanja Maksimović,MF
314,0.8,41,0.06,0.05,11,0.68,0.25,23.3,2806,32,8,2.21,18,13,23,33,178,337,268,27,0.3723021582733813,0.41906474820143885,0.20863309352517986,0,Pablo Maffeo,DF
282,0.2,25,0.11,0.02,8,0.88,0.22,24.6,2470,18,3,1.87,10,5,33,45,210,209,88,6,0.4631578947368421,0.4026315789473684,0.13421052631578947,0,Bruno Langa,DF
309,0.5,72,0.05,0.02,10,0.5,0.05,20.1,4670,50,12,2.26,44,23,42,50,381,564,316,15,0.4199604743083004,0.4288537549407115,0.15118577075098813,0,José Luis Gayà,DF
285,0.2,39,0,0.01,5,0.29,0.06,17.6,3108,26,9,1.75,19,13,27,40,249,399,305,17,0.47248322147651006,0.41073825503355704,0.11677852348993288,0,Toni Lato,DF
308,0.8,47,0.06,0.05,11,0.64,0.23,21.5,3843,33,14,2.4,32,11,45,54,306,447,275,14,0.4594240837696335,0.3900523560209424,0.1505235602094241,0,Lucas,DF
305,1.3,90,0,0.06,23,1.08,0.38,26.2,3507,81,1,2.11,36,20,22,65,310,656,162,8,0.37753882915173237,0.45878136200716846,0.16367980884109917,0,Dion Lopy,MF
291,0.2,119,0,0.01,5,0.22,0,22.3,6247,86,7,1.57,25,10,50,82,427,779,285,9,0.40935192780968005,0.47333880229696473,0.1173092698933552,0,Iñigo Lekue,DF
304,1.1,116,0.04,0.05,32,1.37,0.21,28,6407,113,7,2.47,18,23,15,35,340,980,371,16,0.4205607476635514,0.3968368080517613,0.18260244428468728,0,Unai López,MF
303,0.9,92,0.04,0.04,18,0.68,0.11,17.4,5698,63,16,1.92,11,9,77,89,441,582,404,45,0.43330179754020814,0.3736991485335856,0.19299905392620625,0,Javi López,DF
355,0.2,84,0,0.01,5,0.26,0.05,19.8,4875,63,1,1.62,12,2,26,44,387,687,345,17,0.643327842,0.3154859967051071,0.041186161,0,Ferland Mendy,DF
108,1.9,92,0.11,0.1,17,0.93,0.38,13,3509,80,0,2.02,15,21,27,61,265,593,229,32,0.4748201438848921,0.4316546762589928,0.09352518,0,Santi Comesaña,MF
357,3.3,163,0.18,0.12,30,1.09,0.4,13.9,4802,122,3,2.36,25,34,55,91,323,948,514,76,0.540273556,0.3594224924012158,0.10030395136778116,0,Mikel Merino,MF
361,0.6,121,0,0.03,16,0.68,0.21,25.1,5597,140,6,3.23,19,28,10,30,196,981,330,10,0.4056291390728477,0.38741721854304634,0.20695364238410596,0,Luis Milla,MF
386,2.5,122,0.07,0.09,38,1.3,0.31,21,3758,102,7,2.04,14,22,29,30,235,897,437,47,0.5814151747655584,0.3350383631713555,0.083546462,0,Javier Muñoz,MF
212,0.7,117,0.03,0.02,15,0.47,0.19,23.4,6234,57,10,1.86,40,17,69,89,489,683,466,40,0.5663716814159292,0.35317779565567176,0.080450523,0,Andoni Gorosabel,DF
384,0.3,39,0,0.02,7,0.56,0.16,24.2,4109,35,10,1.91,20,10,33,44,244,418,181,6,0.3598200899550225,0.47226386806596704,0.1679160419790105,0,Aihen Muñoz,DF
379,1,104,0,0.06,11,0.61,0.22,16.3,2959,74,3,2.67,23,26,21,29,177,589,212,22,0.527369826,0.3591455273698264,0.11348464619492657,0,Manu Morlanes,MF
375,0.7,55,0.12,0.04,17,1.03,0.3,19.8,3766,35,9,2.18,19,10,33,53,279,349,266,27,0.4373219373219373,0.41452991452991456,0.14814814814814814,0,Alberto Moreno,DF
372,0.6,99,0.05,0.03,16,0.8,0.25,23,4122,95,5,2.7,14,10,21,22,211,644,329,13,0.3924949290060852,0.4066937119675456,0.20081135902636918,0,Jon Moncayola,MF
222,2.7,81,0.14,0.1,42,1.51,0.5,24.3,2783,64,2,1.66,25,22,44,65,291,720,308,22,0.46786922209695603,0.40586245772266066,0.1262683201803833,0,Javier Guerra,MF
223,0.7,187,0.03,0.02,16,0.49,0.06,23.2,6374,167,2,2.12,28,25,46,75,409,1029,320,16,0.467201166,0.4067055393586006,0.1260932944606414,0,Ander Guevara,MF
224,0.2,65,0.07,0.01,3,0.21,0.14,18.3,3003,62,1,2.05,7,14,25,34,183,496,114,5,0.4624624624624625,0.37987987987987987,0.15765765765765766,0,Hugo Guillamón,MF
371,1.3,68,0.1,0.06,12,0.58,0.19,17.4,5346,48,12,2.58,16,18,36,46,373,628,490,44,0.5275720164609053,0.34156378600823045,0.1308641975308642,0,Nahuel Molina,DF
227,1.8,135,0,0.06,45,1.51,0.3,28.3,7250,132,5,2.79,21,30,30,44,396,1016,351,13,0.36971830985915494,0.36901408450704226,0.2612676056338028,0,Gerard Gumbau,MF
228,7.3,224,0.15,0.22,41,1.23,0.45,17.8,9085,188,4,4.99,14,16,18,42,376,1538,841,77,0.4935497295047857,0.3761964211402414,0.13025384935497294,0,İlkay Gündoğan,MF
229,4,117,0.1,0.13,36,1.21,0.27,13,2965,67,4,2.32,10,27,22,32,172,584,333,74,0.5051948051948052,0.3935064935064935,0.1012987012987013,0,Jon Guridi,MF
369,1,82,0,0.04,17,0.75,0.04,22.1,5344,58,25,2.07,11,15,40,60,342,604,495,29,0.4605026929982047,0.3734290843806104,0.16606822262118492,0,Johan Mojica,DF
231,2.8,146,0.06,0.08,34,1.01,0.15,22.3,6547,102,19,2.37,11,14,66,116,630,933,640,61,0.524327418,0.3921007441327991,0.083571837,0,Miguel Gutiérrez,DF
368,1.3,196,0.11,0.07,25,1.33,0.53,21.9,7217,162,4,5.6,10,6,9,22,256,977,593,49,0.5304955527318933,0.32592121982210925,0.14358322744599747,0,Luka Modrić,MF
366,1.6,103,0.05,0.08,16,0.78,0.29,18.6,7497,64,9,2.18,21,13,62,75,439,581,371,28,0.4230072463768116,0.4420289855072464,0.13496376811594202,0,Juan Miranda,DF
235,1.4,177,0,0.05,17,0.6,0.14,15,10370,162,6,1.58,29,13,93,152,811,1154,251,24,0.4685501066098081,0.39285714285714285,0.13859275053304904,0,Mario Hermoso,DF
236,1.4,94,0.04,0.05,30,1.07,0.29,24,7452,73,18,2.26,26,12,72,112,509,669,412,29,0.4302134646962233,0.37110016420361247,0.1986863711001642,0,Javi Hernández,DF
240,0.7,94,0,0.06,14,1.22,0.17,21.2,2855,67,3,2.63,11,26,18,37,171,525,220,13,0.5189873417721519,0.38115330520393814,0.099859353,0,Ander Herrera,MF
363,2.6,170,0.06,0.08,28,0.84,0.39,20.4,11712,169,17,3.18,44,11,49,72,598,1012,701,43,0.47271745002701243,0.37763371150729336,0.1496488384656942,0,Óscar Mingueza,DF
243,4.9,92,0.21,0.21,52,2.22,0.77,16.5,3393,79,7,2.05,28,30,45,67,331,793,339,68,0.5666356011183598,0.35135135135135137,0.082013048,0,Yangel Herrera,MF
105,1.5,84,0.05,0.08,22,1.19,0.43,23.6,3975,73,1,1.57,16,26,54,67,330,672,133,26,0.42789598108747046,0.45271867612293143,0.11938534278959811,0,Pathé Ciss,MF
146,0.7,81,0.1,0.03,15,0.72,0.24,24.6,5341,58,10,1.54,21,16,69,88,405,429,197,12,0.33122629582806573,0.41845764854614415,0.2503160556257901,0,Rubén Duarte,DF
298,4.1,106,0.21,0.14,30,1.05,0.67,15.4,3643,60,11,1.68,18,17,35,44,322,615,537,82,0.5956284153005464,0.33788706739526414,0.066484517,0,Marcos Llorente,MF
525,1.8,34,0,0.1,21,1.15,0.16,17.9,1233,31,3,2.13,18,26,18,24,162,346,279,38,0.6601307189542484,0.27233115468409586,0.067538126,0,Rubén Sobrino,MF
61,0.2,81,0,0.01,2,0.11,0,18.7,4836,56,4,1.58,14,16,40,53,349,544,286,24,0.5081256771397616,0.41278439869989164,0.079089924,0,Héctor Bellerín,DF
63,0.7,134,0,0.03,21,0.78,0.11,25.8,5360,120,2,1.82,22,23,34,50,326,985,297,12,0.5127807900852053,0.4066615027110767,0.080557707,0,Fran Beltrán,MF
64,1,60,0.24,0.08,14,1.11,0.55,19.8,1863,45,0,1.74,19,26,31,35,173,348,113,11,0.40589569160997735,0.4036281179138322,0.19047619047619047,0,Carlos Benavídez,MF
65,0.9,132,0.14,0.04,18,0.84,0.28,19.1,6651,103,9,1.68,13,14,62,78,437,754,327,34,0.5012087026591459,0.40934730056406127,0.089443997,0,Yuri Berchiche,DF
568,1.7,132,0.03,0.06,15,0.5,0.23,12.7,5680,121,1,1.4,39,62,52,85,401,1032,162,18,0.46919831223628694,0.42362869198312236,0.10717299578059072,0,Óscar Valentín,MF
67,0.8,133,0,0.03,20,0.74,0.11,25.1,5503,100,8,1.67,29,27,30,64,339,740,224,18,0.45445240532241554,0.38792221084953943,0.15762538382804503,0,Antonio Blanco,MF
68,1.7,209,0.03,0.05,17,0.51,0.18,16.6,15810,256,3,1.45,33,13,113,229,1192,1426,271,27,0.44373503591380686,0.46209098164405427,0.094173982,0,Daley Blind,DF
572,3.5,231,0.06,0.11,56,1.74,0.56,23,7780,229,4,3.69,22,13,40,77,384,1382,708,69,0.5761458846722524,0.3326761951700345,0.09117792,0,Federico Valverde,MF
574,7.3,251,0.19,0.2,27,0.74,0.14,33.8,10706,216,14,3.38,36,36,71,117,539,1460,476,14,0.4123456790123457,0.4024691358024691,0.18518518518518517,0,José Luis García Vayá,MF
549,1.3,111,0.14,0.06,27,1.22,0.32,22.2,7487,154,4,1.58,19,17,52,132,539,985,211,20,0.4922349763673194,0.4314652261985145,0.076299797,0,Aurélien Tchouaméni,MF
512,0.5,74,0,0.02,9,0.46,0.05,18.6,4222,51,14,2.08,21,25,65,63,332,473,310,23,0.5124688279301746,0.3827930174563591,0.10473815461346633,0,Manu Sánchez,DF
582,2.7,88,0.18,0.16,17,1,0.29,20.7,3554,68,2,1.46,11,23,35,49,201,645,196,22,0.47903430749682335,0.38373570520965694,0.1372299872935197,0,Mikel Vesga,MF
511,0.9,50,0,0.07,11,0.84,0.15,20.5,2813,37,10,2.66,34,18,36,63,281,357,317,20,0.565406977,0.36191860465116277,0.072674419,0,Juanlu Sánchez,DF
509,1,84,0.12,0.04,14,0.55,0.2,19,5329,63,18,1.65,15,8,64,78,395,534,417,39,0.5019685039370079,0.3612204724409449,0.13681102362204725,0,Ricard Sánchez,DF
565,1.2,51,0,0.06,23,1.23,0.53,24.6,2148,47,0,1.55,6,20,17,40,178,518,200,11,0.4804804804804805,0.39039039039039036,0.12912912912912913,0,Beñat Turrientes,MF
80,0.9,106,0,0.05,17,0.84,0.35,22.7,4856,100,3,2.87,39,29,29,55,399,885,344,20,0.4948859166011015,0.42486231313926043,0.08025177,0,Eduardo Camavinga,MF
562,0.9,124,0,0.06,18,1.17,0.2,19.6,2457,74,0,4.77,11,9,9,15,76,546,411,51,0.6390449438202247,0.28230337078651685,0.078651685,0,Óscar Trejo,FW
531,0.3,55,0,0.04,8,1,0.12,23.2,2430,53,1,3.86,3,13,5,9,89,377,195,8,0.5229681978798587,0.3392226148409894,0.13780918727915195,0,Hugo Sotelo,MF
43,0.6,77,0,0.04,2,0.13,0.13,20.3,5238,74,2,2.03,15,9,46,83,381,613,179,12,0.5294117647058824,0.3580121703853955,0.11257606490872211,0,César Azpilicueta,DF
47,7.9,165,0.07,0.27,72,2.51,0.87,20.8,5861,95,15,5.27,10,16,17,29,224,650,693,102,0.3928266438941076,0.39880444064901793,0.20836891545687447,0,Alex Baena,MF
552,0.4,38,0,0.04,8,0.92,0.11,21.2,1666,28,2,2.51,8,8,9,20,108,299,158,12,0.4863013698630137,0.408675799,0.1050228310502283,0,Ramón Terrats,MF
546,1,61,0,0.07,19,1.28,0.07,20.8,3901,64,2,1.82,19,19,50,68,318,503,140,13,0.4217585692995529,0.368107303,0.21013412816691504,0,Renato Tapia,MF
541,1.4,110,0.06,0.08,26,1.54,0.36,24.3,3958,74,14,5.4,14,8,4,9,131,424,522,29,0.47820965842167257,0.33568904593639576,0.18610129564193167,0,Suso,MF
558,0.5,96,0,0.03,9,0.5,0.17,20.4,3224,75,8,3.23,17,15,6,12,169,555,326,26,0.5282791817087846,0.3417569193742479,0.1299638989169675,0,Óliver Torres,MF
50,0.1,41,0,0.01,5,0.33,0.07,21.2,2231,26,7,1.9,11,6,21,35,215,394,384,40,0.6071887034659821,0.33889602053915274,0.053915276,0,Alejandro Balde,DF
51,0.7,98,0,0.02,11,0.34,0.13,18.9,8333,77,10,1.6,20,24,66,83,477,797,471,33,0.44778254649499283,0.40486409155937053,0.1473533619456366,0,Iván Balliu,DF
539,0.3,58,0,0.02,4,0.28,0.07,25.3,3538,50,8,2.28,16,16,31,27,197,387,195,12,0.42454394693200664,0.351575456,0.22388059701492538,0,Damián Suárez,DF
559,1.5,60,0.05,0.07,30,1.51,0.35,22.3,2491,56,0,1.31,11,8,37,54,223,551,214,35,0.49132176234979974,0.41388518024032045,0.094793057,0,Lucas Torró,MF
34,0.2,106,0.03,0.01,9,0.3,0.07,27.1,7275,77,24,2.37,25,13,58,85,367,682,643,23,0.4472243940578577,0.42767787333854573,0.12509773260359655,0,Jesús Areso,DF
533,1.5,73,0.06,0.09,18,1.11,0.31,17.7,1887,57,2,2.65,15,8,8,22,159,479,207,33,0.4836193447737909,0.43213728549141966,0.08424337,0,Djibril Sow,MF
561,0.5,129,0,0.02,18,0.71,0.08,24.3,6928,112,10,2.28,24,17,59,87,444,950,356,18,0.40317022742935904,0.45761543762922124,0.13921433494141972,0,Hamari Traoré,DF
56,0.9,98,0,0.05,17,0.98,0.41,21.8,3536,75,0,2.49,15,29,24,39,239,622,238,15,0.5199034981905911,0.3944511459589867,0.085645356,0,Pablo Barrios,MF
532,0,102,0,0,1,0.04,0,19.6,4933,115,1,1.14,24,14,20,61,396,876,160,5,0.489415749,0.43014394580863674,0.080440305,0,Boubakary Soumaré,MF
31,0.7,74,0.06,0.04,7,0.43,0.12,20.5,3943,69,4,1.91,29,7,52,78,306,535,178,14,0.4622166246851385,0.4433249370277078,0.094458438,0,Julian Araujo,DF
501,0.1,47,0,0.01,4,0.34,0,22.2,2477,33,1,1.46,12,3,27,37,250,340,178,14,0.5742251223491027,0.3637846655791191,0.061990212,0,Youssouf Sabaly,DF
578,1.2,58,0.19,0.07,12,0.76,0.44,13.4,3330,27,8,3.81,22,14,36,52,327,498,466,68,0.5868089233753637,0.34238603297769155,0.070805044,0,Lucas Vázquez,DF
44,0.7,60,0,0.05,8,0.5,0.13,25.6,2718,51,2,1.13,27,18,27,47,254,521,58,4,0.3951612903225806,0.4967741935483871,0.10806451612903226,0,Iddrisu Baba,MF
90,1.1,45,0.07,0.07,12,0.81,0.2,18.3,2177,41,1,1.42,19,24,31,40,222,512,111,12,0.5425709515859767,0.3806343906510851,0.076794658,0,Johnny Cardoso,MF
89,2.7,160,0.03,0.09,26,0.83,0.16,13.9,9822,108,15,2.46,52,29,102,144,840,1175,586,67,0.5644599303135889,0.3504230960676954,0.085116974,0,Sergi Cardona,DF
3,0.3,59,0.07,0.02,9,0.63,0.28,27.9,4928,52,12,3.42,20,12,25,33,270,476,253,10,0.36757425742574257,0.40594059405940597,0.2264851485148515,0,Marcos Acuña,DF
494,0.7,66,0,0.07,10,0.96,0.19,23.6,2753,80,1,1.63,17,14,18,27,148,615,161,4,0.5135135135135135,0.41055341055341055,0.075933076,0,Oriol Romeu,MF
8,1.2,28,0.11,0.06,9,0.48,0.27,17.4,3150,30,12,1.72,18,7,34,54,338,420,216,20,0.45827814569536424,0.39470198675496687,0.14701986754966886,0,Sergio Akieme,DF
488,2.1,296,0.17,0.06,43,1.21,0.39,25.4,12239,278,4,2.16,22,25,23,59,712,2088,560,19,0.5459236326109391,0.37702098383212934,0.077055384,0,Kirian Rodríguez,MF
10,1,51,0,0.08,14,1.09,0.23,19.8,4997,56,0,1.4,7,5,34,127,474,457,80,11,0.5284738041002278,0.37585421412300685,0.095671982,0,David Alaba,DF
94,1.7,82,0.17,0.07,18,0.75,0.41,14.3,4535,52,5,1.82,28,15,54,101,465,726,527,59,0.5287846481876333,0.39232409381663114,0.078891258,0,Dani Carvajal,DF
95,0.4,58,0.13,0.05,8,1.06,0.4,24,2540,67,0,2.38,11,7,9,13,105,495,111,7,0.5745393634840871,0.3417085427135678,0.083752094,0,William Carvalho,MF
12,3.3,154,0.09,0.09,46,1.32,0.29,24.9,6666,151,3,2.15,39,52,55,91,470,1193,328,28,0.4252336448598131,0.3724966622162884,0.20226969292389854,0,Rubén Alcaraz,MF
487,0.7,65,0.1,0.03,18,0.88,0.34,20.5,4610,73,0,1.17,21,24,44,70,360,747,156,19,0.4794238683127572,0.38580246913580246,0.13477366255144033,0,Guido Rodríguez,MF
99,0,31,0,0,2,0.18,0.09,21.2,2843,35,9,2.48,9,2,29,39,208,284,149,8,0.4204322200392927,0.39096267190569745,0.18860510805500982,0,Álex Centelles,DF
91,0.8,39,0.07,0.06,12,0.82,0.21,16.8,2258,29,5,1.99,13,14,25,28,197,345,216,27,0.48411214953271026,0.3719626168224299,0.14392523364485982,0,Carmona,DF
14,0.5,31,0,0.03,11,0.59,0.11,21.9,1711,17,22,1.97,23,11,17,27,139,241,335,21,0.39371980676328505,0.35507246376811596,0.25120772946859904,0,Iván Alejo,MF
86,0.6,75,0,0.02,10,0.34,0.1,20.2,5158,54,9,1.48,30,15,87,98,432,647,351,11,0.4425182481751825,0.40875912408759124,0.14872262773722628,0,Isaac Carcelen,DF
101,1,74,0.08,0.07,11,0.85,0.15,18.3,3436,48,13,2.7,15,6,29,32,257,398,292,14,0.4577373211963589,0.4265279583875163,0.11573472041612484,0,Pep Chavarría,DF
83,1.6,141,0.07,0.06,32,1.15,0.32,21.3,6589,123,11,2.84,35,21,59,84,452,1110,670,71,0.5264957264957265,0.36923076923076925,0.10427350427350428,0,João Cancelo,DF
1,0.1,33,0,0.01,4,0.26,0,15.4,4552,20,2,0.9,15,9,62,72,344,405,226,28,0.5338753387533876,0.35907859078590787,0.1070460704607046,0,Abner,DF
591,1.9,74,0.05,0.09,22,1.1,0.2,22.5,3285,71,3,2.52,26,20,26,46,294,674,215,24,0.5199089874857793,0.36291240045506257,0.11717861205915814,0,Gonzalo Villar,MF
499,0.8,54,0.18,0.07,13,1.15,0.18,22.1,2899,37,3,2.92,28,13,33,36,232,318,209,25,0.5100182149362478,0.3460837887067395,0.14389799635701275,0,Aitor Ruibal,DF
486,1.4,118,0.07,0.05,27,0.93,0.14,19.8,4005,71,11,3.41,21,20,21,29,178,636,524,44,0.4191810344827586,0.36637931034482757,0.21443965517241378,0,Dani Rodríguez,MF
500,0.7,113,0,0.03,13,0.47,0.04,18.2,5626,68,3,1.7,43,36,43,81,486,927,199,26,0.44747725392886684,0.42762613730355664,0.12489660876757651,0,Sergio Ruiz,MF
85,1,80,0.06,0.06,14,0.87,0.31,15,3135,73,1,1.98,17,12,24,41,240,575,217,24,0.5012787723785166,0.401534527,0.097186701,0,Étienne Capoue,MF
373,0.7,52,0,0.04,13,0.65,0.1,11,5775,51,1,0.91,13,9,94,148,650,468,43,23,0.2802950474183351,0.5131717597471022,0.2065331928345627,1,César Montes,DF
220,0.8,73,0.05,0.04,19,0.98,0.15,24.1,5686,82,2,1.03,18,10,56,90,519,634,95,8,0.3655913978494624,0.522971652,0.11143695014662756,1,Nemanja Gudelj,DF
553,0.2,77,0,0.01,2,0.15,0,12.2,5053,73,4,1.16,16,18,45,45,297,552,214,10,0.37644341801385683,0.4503464203233256,0.17321016166281755,1,Kieran Tierney,DF
550,0.6,45,0.08,0.05,8,0.63,0.08,14.1,3084,33,3,1.89,22,4,59,84,275,251,85,13,0.33410672853828305,0.4709976798143852,0.19489559164733178,1,Nahuel Tenaglia,DF
2,0.5,49,0,0.02,10,0.39,0.12,12.1,4872,61,0,0.47,28,5,115,191,570,422,42,21,0.22527472527472528,0.46565934065934067,0.3090659340659341,1,Abdel Abqar,DF
606,0.8,129,0,0.03,12,0.43,0,13.4,9423,99,0,0.64,20,10,97,162,908,1034,50,18,0.2637749120750293,0.5797186400937866,0.15650644783118406,1,Igor Zubeldia,DF
556,0.2,33,0,0.01,3,0.22,0,14.7,4811,39,0,0.5,20,9,68,121,580,321,15,9,0.27019867549668874,0.5046357615894039,0.2251655629139073,1,Raúl Torrente,DF
300,2.1,54,0.14,0.1,16,0.73,0.23,15,8718,48,0,0.6,21,12,63,286,946,785,48,22,0.35594315245478036,0.5697674418604651,0.074289406,1,David López,DF
32,2.1,101,0.05,0.09,23,1.04,0.41,12.4,10325,111,1,0.99,11,15,66,157,732,1000,92,34,0.35811648079306074,0.506815366,0.13506815365551425,1,Ronald Araújo,DF
265,0.2,14,0,0.02,4,0.48,0,12.6,3239,8,0,0.24,8,3,50,110,389,251,12,6,0.3345656192236599,0.5526802218114603,0.11275415896487985,1,Juanpe,DF
598,1,89,0.06,0.03,7,0.23,0.1,8,11338,72,0,0.52,23,12,119,283,1091,950,71,22,0.4218487394957983,0.49747899159663866,0.080672269,1,Axel Witsel,DF
329,0.7,77,0,0.03,13,0.48,0.11,14.5,7334,71,0,0.66,23,9,129,220,711,555,45,25,0.28869047619047616,0.501984127,0.20932539682539683,1,Rafa Marín,DF
327,0.4,26,0,0.03,7,0.48,0.07,12.4,4822,27,0,0.34,10,7,95,157,487,328,16,8,0.29513343799058084,0.5227629513343799,0.18210361067503925,1,José María Giménez,DF
337,0.2,68,0,0.01,1,0.07,0,7.9,3256,62,4,1.74,17,6,41,79,347,483,131,9,0.4806007509386733,0.45807259073842305,0.061326658,1,Arnau Martinez,DF
338,0.4,97,0,0.03,8,0.56,0.07,11.6,6217,99,1,0.97,9,1,50,91,456,729,63,13,0.3923705722070845,0.45049954586739327,0.15712988192552224,1,Iñigo Martínez,DF
341,0.4,67,0,0.02,6,0.34,0,21.7,3142,64,0,0.92,16,17,30,58,254,616,74,7,0.4149933065595716,0.4243641231593039,0.1606425702811245,1,Omar Mascarell,MF
353,0.6,47,0.14,0.04,8,0.54,0.27,15.8,3375,45,2,0.88,19,12,45,67,341,376,88,13,0.32608695652173914,0.47324414715719065,0.20066889632107024,1,Bruno Méndez,DF
320,0.6,55,0.08,0.05,4,0.32,0.16,12.8,5393,57,0,1.21,8,5,41,139,431,378,21,6,0.35694444444444445,0.4930555555555556,0.15,1,Aïssa Mandi,DF
22,0.7,63,0.07,0.03,14,0.5,0.11,16.5,5016,64,3,0.78,43,20,80,125,508,648,178,22,0.3480492813141684,0.44969199178644764,0.20225872689938398,1,Gastón Álvarez,DF
289,3.3,114,0.08,0.09,67,1.81,0.57,27.9,16035,137,1,1.19,26,11,155,341,1317,953,131,36,0.24696969696969698,0.5035353535353535,0.2494949494949495,1,Florian Lejeune,DF
24,0.3,55,0,0.02,7,0.55,0.16,14.2,4181,38,0,0.78,15,3,34,52,344,440,31,7,0.26346433770014555,0.5502183406113537,0.18631732168850074,1,Yeray Álvarez,DF
27,0.8,27,0.06,0.05,9,0.52,0.12,10.4,4316,24,0,0.35,14,6,74,128,567,381,30,17,0.3037135278514589,0.5371352785145889,0.15915119363395225,1,Miguel Ángel Rubio,DF
13,1.2,98,0,0.05,24,0.98,0.21,19.7,7319,98,1,1.27,15,13,111,132,591,667,73,32,0.194335938,0.430664063,0.375,1,Omar Alderete,DF
11,0.4,62,0,0.02,6,0.27,0.04,9.5,8497,64,0,0.18,15,9,102,244,853,605,26,14,0.26104417670682734,0.5734939759036145,0.16546184738955824,1,Raúl Albiol,DF
239,0.4,35,0,0.02,4,0.22,0,14.5,4290,33,0,0.22,23,6,69,125,476,399,25,10,0.33146853146853145,0.4853146853146853,0.18321678321678322,1,Jorge Herrando,DF
364,1.4,83,0.03,0.04,22,0.66,0.24,12.7,9540,72,0,0.84,39,6,132,262,1133,703,67,37,0.2938856015779093,0.5193951347797502,0.18671926364234057,1,Ignasi Miquel,DF
237,0.3,21,0,0.02,5,0.27,0,16,4358,20,0,0.53,5,4,98,155,586,358,18,10,0.351875809,0.500646831,0.14747736093143596,1,Aridane Hernández,DF
331,0.2,142,0,0,3,0.08,0,15.9,14409,147,2,0.57,44,24,147,395,1553,1302,109,12,0.49380247900839663,0.4190323870451819,0.087165134,1,Mika Màrmol,DF
287,1,106,0.07,0.04,8,0.29,0.18,12.2,8514,94,0,0.62,16,15,96,171,899,1057,45,17,0.30324074074074076,0.5526620370370371,0.1440972222222222,1,Robin Le Normand,DF
569,0.3,61,0,0.01,9,0.34,0,19.6,6228,60,3,0.88,19,13,112,148,670,556,111,15,0.36666666666666664,0.4588235294117647,0.17450980392156862,1,Martin Valjent,DF
594,0.6,123,0,0.02,11,0.34,0.03,13.5,10952,105,1,0.75,29,11,104,161,950,1021,75,27,0.30339083878643663,0.5324211778703153,0.16418798334324808,1,Daniel Vivian,DF
107,1.1,69,0.04,0.04,20,0.78,0.16,25.6,8245,52,0,0.24,25,7,120,193,873,800,30,11,0.44862518089725034,0.467438495,0.083936324,1,Saúl Coco,DF
381,1.6,36,0.15,0.11,10,0.73,0.29,8.4,3926,32,2,1.32,18,7,65,142,497,324,67,21,0.3474576271186441,0.5268361581920904,0.12570621468926554,1,Yerson Mosquera,DF
425,0.4,33,0,0.02,7,0.45,0,13.3,5224,40,0,0.52,8,2,78,137,533,415,18,8,0.2775,0.56125,0.16125,1,Gabriel Paulista,DF
380,0.7,77,0,0.02,9,0.26,0.06,14.3,8196,45,0,0.47,36,18,137,274,1105,841,46,15,0.33663980161190327,0.532548047,0.13081215127092374,1,Cristhian Mosquera,DF
515,0.3,66,0,0.02,5,0.28,0.06,11.9,5999,59,2,0.66,16,7,61,140,595,533,38,10,0.38396624472573837,0.46729957805907174,0.14873417721518986,1,Stefan Savić,DF
159,0.8,82,0,0.03,11,0.39,0.11,15.6,6817,76,1,0.6,29,11,120,191,647,615,52,18,0.23684210526315788,0.4922027290448343,0.2709551656920078,1,Fali,DF
504,0.8,61,0.17,0.05,16,0.9,0.28,12,4857,54,2,0.73,26,12,91,106,554,570,122,33,0.4331275720164609,0.4454732510288066,0.12139917695473251,1,Kike Salas,DF
442,2,64,0.03,0.07,23,0.75,0.16,11.2,8483,49,1,0.49,24,10,150,240,1028,705,53,35,0.32668500687757906,0.5577716643741403,0.1155433287482806,1,Germán Pezzella,DF
148,0.3,31,0,0.03,7,0.78,0.22,11,2576,22,0,1.44,5,4,26,47,225,282,41,14,0.35357917570498915,0.5531453362255966,0.093275488,1,Aritz Elustondo,DF
140,0.3,63,0,0.02,5,0.28,0,15.6,4749,72,0,0.74,17,9,78,110,498,515,63,10,0.36211031175059955,0.47721822541966424,0.1606714628297362,1,Carlos Dominguez,DF
457,1.4,80,0.12,0.06,29,1.19,0.37,17.3,7350,61,0,0.9,18,12,104,197,743,626,76,41,0.3392226148409894,0.5282685512367491,0.13250883392226148,1,Antonio Raillo,DF
421,1.2,107,0.03,0.04,14,0.47,0.1,9.7,10013,68,0,0.5,11,9,104,158,915,852,41,24,0.28383705650459923,0.5538764783180026,0.16228646517739817,1,Aitor Paredes,DF
137,0.1,98,0,0,6,0.22,0.04,23.2,5814,64,5,0.8,18,13,70,112,510,704,169,12,0.3597390493942218,0.4706430568499534,0.16961789375582478,1,Djené,DF
464,1.9,81,0.11,0.07,28,1,0.39,18.9,10962,103,0,0.75,32,11,156,289,1000,801,85,29,0.2801867911941294,0.5030020013342228,0.21681120747164775,1,Sergio Ramos,DF
130,0.7,29,0.08,0.06,7,0.59,0.25,13.9,2704,23,0,0.5,9,9,62,95,363,294,31,7,0.3018867924528302,0.5547169811320755,0.14339622641509434,1,Mouctar Diakhaby,DF
471,0.7,34,0,0.03,11,0.46,0.21,11.1,5584,20,0,0.5,17,18,108,194,871,532,27,15,0.38812392426850256,0.5163511187607573,0.095524957,1,Chadi Riad,DF
125,1.2,78,0.14,0.06,20,0.92,0.32,11.7,6301,62,6,0.69,26,10,114,230,694,606,123,25,0.34611953612845675,0.5165031222123104,0.13737734165923282,1,Jorge Cuenca,DF
123,0.1,75,0,0.01,3,0.17,0,18.4,8442,73,0,0.98,18,3,65,157,758,826,46,5,0.35699658703071674,0.5269624573378839,0.11604095563139932,1,Pau Cubarsí,DF
97,1.3,77,0.04,0.05,18,0.64,0.18,13.3,10188,89,0,0.5,26,6,119,195,786,747,55,31,0.21547799696509864,0.5151745068285281,0.26934749620637327,1,Catena,DF
102,1,117,0.09,0.05,12,0.55,0.18,13,8496,116,0,1.27,7,14,41,111,549,1077,104,18,0.4565643370346179,0.472893534,0.070542129,1,Andreas Christensen,DF
109,0.5,52,0.07,0.04,7,0.47,0.07,13.4,3089,46,3,0.54,27,17,47,64,314,404,40,10,0.3185840707964602,0.4743362831858407,0.20707964601769913,1,Copete,DF
103,1,68,0,0.04,5,0.18,0,13.8,6336,44,1,0.78,22,12,107,230,830,582,58,11,0.39641943734015345,0.4816709292412617,0.12190963341858482,1,Chumi,DF
497,1.5,88,0.03,0.05,19,0.63,0.07,16,11111,90,2,0.7,18,4,89,275,1000,964,65,25,0.36720943290286356,0.5098259404828748,0.12296462661426165,1,Antonio Rüdiger,DF
419,0.3,13,0,0.02,2,0.16,0.08,7.9,3232,6,0,0.4,16,5,60,109,428,254,10,6,0.36363636363636365,0.5062388591800356,0.13012477718360071,1,Sokratis Papastathopoulos,DF
517,0.3,26,0.1,0.03,4,0.38,0.1,10.7,2813,31,0,0.86,10,4,43,76,277,204,18,6,0.3249370277078086,0.5062972292191436,0.16876574307304787,1,Aleksandar Sedlar,DF
206,2.3,72,0.07,0.08,13,0.46,0.11,10.3,8387,51,1,0.68,22,20,130,258,905,706,67,25,0.3386605783866058,0.5304414,0.1308980213089802,1,Édgar González,DF
398,1.4,106,0.03,0.05,22,0.71,0.16,14.4,10797,97,0,0.84,30,19,153,278,1049,886,102,39,0.2962962962962963,0.5065913370998116,0.19711236660389203,1,Unai Núñez,DF
535,1.4,38,0.04,0.06,12,0.49,0.2,8.5,6106,31,0,0.24,30,5,159,262,847,459,32,17,0.36363636363636365,0.5444664031620553,0.091897233,1,Carl Starfelt,DF
415,0.3,56,0,0.01,6,0.34,0.17,14.3,4662,48,0,0.73,22,4,84,109,525,469,46,12,0.35628019323671495,0.4806763285024155,0.16304347826086957,1,Cenk Özkacar,DF
389,1,64,0.08,0.04,8,0.32,0.08,10.2,6494,60,2,0.88,26,9,114,186,667,552,37,13,0.28497942386831276,0.49382716049382713,0.22119341563786007,1,Matija Nastasić,DF
523,0.2,38,0,0.02,5,0.5,0.3,22.2,2995,48,1,0.8,22,5,32,49,238,330,49,6,0.42733188720173537,0.46203904555314534,0.11062906724511931,1,Jailson Siqueira,DF
104,0.3,80,0,0.02,4,0.19,0,9.7,7302,62,0,0.77,23,5,92,147,647,552,28,13,0.31510934393638174,0.4562624254473161,0.2286282306163022,1,Víctor Chust,DF
538,1.2,109,0.07,0.04,7,0.25,0.18,9.9,9326,102,3,0.63,33,15,84,157,713,1019,132,16,0.47259832366215343,0.41843971631205673,0.10896196002578981,1,Álex Suárez,DF
385,1.1,80,0.19,0.05,23,1.12,0.29,21.6,3354,85,0,0.87,13,17,50,68,251,761,192,28,0.38054968287526425,0.46723044397463004,0.1522198731501057,1,Iker Muñoz,MF
46,0.9,76,0,0.04,14,0.55,0.12,12.7,8244,79,0,0.79,53,12,116,184,920,692,55,24,0.3135011441647597,0.5347063310450039,0.15179252479023647,1,Loïc Bade,DF
416,1.1,53,0.06,0.06,6,0.35,0.18,8.2,5738,50,1,0.83,21,4,53,133,607,679,28,10,0.30043290043290044,0.5497835497835498,0.1497835497835498,1,Jon Pacheco,DF
382,0.4,38,0.05,0.02,6,0.32,0.05,15.9,4915,34,0,0.58,13,4,82,127,578,359,25,8,0.26745718050065875,0.5177865612648221,0.2147562582345191,1,Abdul Mumin,DF
388,0.5,55,0,0.03,5,0.26,0.05,11.7,7898,47,1,0.67,9,7,56,202,724,632,67,18,0.47573587907716786,0.44630071599045346,0.077963405,1,Nacho,DF
188,1,133,0,0.04,15,0.58,0.08,9.8,8473,129,0,0.69,19,9,115,166,665,863,64,24,0.3045801526717557,0.5290076335877862,0.166412214,1,David García,DF
551,0,1,0,0,0,0,0,0,16159,9,0,0.29,0,0,3,816,1068,13,0,0,0.17801556420233464,0.48735408560311283,0.3346303501945525,2,Marc-André ter Stegen,GK
367,0.1,19,0.13,0.01,1,0.13,0.13,8.7,1581,16,0,0.52,7,2,26,39,156,147,5,2,0.276,0.46,0.264,2,Stefan Mitrović,DF
470,0,1,0,0,0,0,0,0,19177,19,0,0.16,0,0,24,1103,1338,15,0,0,0.13178913738019168,0.3953674121405751,0.4728434504792332,2,Álex Remiro,GK
593,0,2,0,0,0,0,0,0,343,2,0,0,1,1,9,15,51,30,0,0,0.2786885245901639,0.47540983606557374,0.2459016393442623,2,Ricardo Visus,DF
592,0,0,0,0,0,0,0,0,4510,4,0,0.18,0,0,6,314,348,0,0,0,0.1375,0.3125,0.55,2,Iván Villar,GK
312,0,0,0,0,0,0,0,0,7874,6,0,0.1,0,0,15,613,710,3,0,0,0.22458270106221548,0.5083459787556904,0.26707132018209406,2,Andriy Lunin,GK
469,0,0,0,0,0,0,0,0,1057,2,0,0,0,0,1,69,73,0,0,0,0.15942028985507245,0.463768116,0.37681159420289856,2,Pepe Reina,GK
317,0,0,0,0,0,0,0,0,15286,26,0,0.19,4,0,22,1025,1211,5,0,0,0.1002710027100271,0.23667570009033423,0.6630532971996387,2,Giorgi Mamardashvili,GK
458,0,0,0,0,0,0,0,0,23581,50,0,0.25,2,0,14,1084,1304,22,0,0,0.059533387,0.2075623491552695,0.7329042638777152,2,Predrag Rajković,GK
399,0,0,0,0,0,0,0,0,13489,16,0,0.29,0,0,9,707,841,4,0,0,0.1,0.2512820512820513,0.6487179487179487,2,Ørjan Nyland,GK
356,0.2,15,0,0.02,4,0.53,0.13,18.2,1173,15,0,0.27,6,2,33,42,148,143,9,3,0.23893805309734514,0.4690265486725664,0.2920353982300885,2,Jorge Meré,DF
570,0,2,0,0,0,0,0,0,593,4,0,0.83,1,2,1,7,44,51,3,0,0.37349397590361444,0.4457831325301205,0.18072289156626506,2,Jesús Vallejo,DF
571,0,5,0,0,0,0,0,0,24426,14,0,0.17,3,0,40,1271,1985,73,0,0,0.26009438909281596,0.4037755637126377,0.3361300471945464,2,Álvaro Vallés,GK
424,0.2,7,0,0.04,1,0.22,0.22,4.7,2040,3,0,0.67,4,3,27,47,201,116,3,3,0.3025830258302583,0.5867158671586716,0.11070110701107011,2,Gabriel Paulista,DF
521,0,0,0,0,0,0,0,0,18785,25,0,0.23,1,1,9,968,1293,8,0,0,0.090983607,0.2819672131147541,0.6270491803278688,2,Unai Simón,GK
573,0.2,1,0,0.05,2,0.63,0,9.8,438,1,0,0.94,7,2,12,17,70,59,9,3,0.36082474226804123,0.3711340206185567,0.26804123711340205,2,Siebe Van Der Heyden,DF
345,0.3,4,0,0.11,2,0.62,0.31,7.9,518,3,0,0.31,3,3,26,37,81,47,9,4,0.2692307692307692,0.3717948717948718,0.358974359,2,Mamadou Mbaye,DF
343,0,0,0,0,0,0,0,0,17069,11,0,0.12,0,0,19,1096,1336,19,0,0,0.11437648927720413,0.34471803018268465,0.5409054805401112,2,Luís Maximiano,GK
519,0,1,0,0,0,0,0,0,12611,8,0,0.07,0,0,13,841,1012,5,0,0,0.13025210084033614,0.3434873949579832,0.5262605042016807,2,Rui Silva,GK
339,0,0,0,0,0,0,0,0,1699,1,0,0,0,0,1,90,107,5,0,0,0.19387755102040816,0.32653061224489793,0.47959183673469385,2,Marc Martínez,GK
323,0,12,0,0,0,0,0,0,1364,17,0,1.01,5,4,11,18,108,123,7,1,0.3489583333333333,0.546875,0.10416666666666667,2,Marcão,DF
413,0,0,0,0,0,0,0,0,2621,7,0,1.5,0,0,3,95,127,3,0,0,0.084033613,0.23529411764705882,0.680672269,2,Jesús Owono,GK
412,0.2,7,0,0.04,2,0.42,0,13.3,900,6,0,0.42,6,2,15,19,114,93,12,2,0.3448275862068966,0.47701149425287354,0.1781609195402299,2,Aiham Ousou,DF
332,0,0,0,0,0,0,0,0,792,2,0,0.63,0,0,0,32,43,3,0,0,0.13333333333333333,0.28888888888888886,0.5777777777777777,2,Unai Marrero,GK
524,0,0,0,0,0,0,0,0,18918,41,0,0.44,0,0,17,922,1157,28,0,0,0.097361237,0.18926296633303002,0.7133757961783439,2,Antonio Sivera,GK
529,0,0,0,0,0,0,0,0,24122,44,0,0.26,0,0,21,1099,1386,7,0,0,0.032608696,0.18788819875776397,0.7795031055900621,2,David Soria,GK
330,0,0,0,0,0,0,0,0,237,1,0,0,0,0,1,26,32,0,0,0,0.4074074074074074,0.37037037037037035,0.2222222222222222,2,Diego Mariño,GK
400,0,0,0,0,0,0,0,0,15035,7,0,0.08,0,0,10,1014,1094,0,0,0,0.13359528487229863,0.41159135559921417,0.4548133595284872,2,Jan Oblak,GK
443,0.8,10,0,0.14,4,0.71,0.36,7.3,1273,8,1,0.36,16,1,28,43,185,102,15,5,0.3111111111111111,0.5244444444444445,0.16444444444444445,2,Kamil Piątkowski,DF
586,0,0,0,0,0,0,0,0,1363,1,0,0,1,0,2,118,129,1,0,0,0.077586207,0.3620689655172414,0.5603448275862069,2,Fran Vieites,GK
432,0,0,0,0,0,0,0,0,3681,0,0,0,0,0,5,279,313,1,0,0,0.25675675675675674,0.49324324324324326,0.25,2,Iñaki Peña,GK
455,0,5,0,0.01,1,0.16,0,10.5,1019,1,0,0.32,7,1,48,68,177,100,3,2,0.2670157068062827,0.5759162303664922,0.15706806282722513,2,Aleksandar Radovanović,DF
0,0,7,0,0,0,0,0,0,426,4,0,0,0,0,4,4,37,49,1,1,0.33766233766233766,0.44155844155844154,0.22077922077922077,2,Nabil Aberdin,DF
197,0.1,12,0.16,0.02,2,0.32,0.16,14.4,1226,6,0,0.32,9,2,18,26,121,124,16,7,0.2562814070351759,0.49748743718592964,0.24623115577889448,2,Unai García,DF
134,0,2,0,0,0,0,0,0,359,2,0,0.56,2,3,8,8,57,35,2,1,0.22388059701492538,0.47761194029850745,0.29850746268656714,2,Víctor Díaz,DF
267,0,0,0,0,0,0,0,0,18619,13,0,0.06,3,0,10,1240,1395,2,0,0,0.1861003861003861,0.4416988416988417,0.3722007722007722,2,Filip Jørgensen,GK
136,0,0,0,0,0,0,0,0,16649,28,0,0.27,1,0,17,1053,1259,12,0,0,0.10822147651006711,0.27936241610738255,0.6124161073825504,2,Stole Dimitrievski,GK
138,0,1,0,0,0,0,0,0,5954,8,0,0.23,1,0,5,363,425,4,0,0,0.16581632653061223,0.3903061224489796,0.44387755102040816,2,Marko Dmitrović,GK
58,0,1,0,0,1,0.06,0,13.5,11262,26,0,0.35,0,0,10,581,719,14,2,2,0.10625909752547306,0.28820960698689957,0.6055312954876274,2,Augusto Batalla,GK
152,0,0,0,0,0,0,0,0,1172,1,0,0,0,0,1,69,87,1,0,0,0.18072289156626506,0.3493975903614458,0.46987951807228917,2,Aarón Escandell,GK
48,0.2,18,0,0.02,2,0.21,0,9.7,2551,12,0,0.32,4,1,38,79,282,175,9,3,0.32887700534759357,0.5614973262032086,0.10962566844919786,2,Eric Bailly,DF
163,0.1,4,0,0.02,2,0.5,0,10.8,996,4,0,0.5,5,2,16,36,134,73,4,3,0.38271604938271603,0.5308641975308642,0.086419753,2,Luiz Felipe,DF
166,0,1,0,0,0,0,0,0,3696,10,0,0.16,0,0,5,156,207,9,1,1,0.051020408,0.25,0.6989795918367347,2,Aitor Fernández,GK
169,0,0,0,0,0,0,0,0,1530,1,0,0,0,0,1,90,115,0,0,0,0.085714286,0.38095238095238093,0.5333333333333333,2,Raúl Fernández,GK
242,0,1,0,0,0,0,0,0,22063,35,0,0.19,2,0,22,948,1250,18,0,0,0.073728814,0.27372881355932205,0.652542373,2,Sergio Herrera,GK
39,0,0,0,0,0,0,0,0,5956,2,0,0,0,0,4,412,471,3,0,0,0.1978021978021978,0.4967032967032967,0.3054945054945055,2,Kepa Arrizabalaga,GK
171,0,0,0,0,0,0,0,0,2309,1,0,0.25,0,0,2,138,167,2,0,0,0.062893082,0.389937107,0.5471698113207547,2,Fernando,GK
238,1,31,0.12,0.12,1,0.12,0.12,2.2,2776,27,0,2.12,4,3,25,34,178,167,69,1,0.25555555555555554,0.4722222222222222,0.2722222222222222,2,Luis Hernández,DF
173,0,0,0,0,0,0,0,0,7247,7,0,0.13,0,0,9,473,541,1,0,0,0.15010141987829614,0.35699797160243407,0.49290060851926976,2,André Ferreira,GK
181,0,9,0,0,0,0,0,0,1745,15,0,0.94,4,6,36,56,201,159,9,2,0.34576271186440677,0.511864407,0.1423728813559322,2,Matteo Gabbia,DF
217,0,0,0,0,0,0,0,0,12066,9,0,0.26,1,0,9,776,873,1,0,0,0.13092269326683292,0.32418952618453867,0.5448877805486284,2,Vicente Guaita,GK
198,0,15,0,0,1,0.12,0,15.9,1484,11,0,0.61,14,5,50,71,204,157,55,6,0.3992932862190813,0.4098939929328622,0.19081272084805653,2,Yarek Gasiorowski,DF
215,0,0,0,0,0,0,0,0,841,2,0,0,0,0,0,28,34,0,0,0,0.0625,0.34375,0.59375,2,Dominik Greif,GK
201,0,0,0,0,0,0,0,0,19971,17,0,0.29,2,0,12,1247,1463,10,0,0,0.20449601160261058,0.4010152284263959,0.3944887599709935,2,Paulo Gazzaniga,GK
202,0,0,0,0,0,0,0,0,3208,1,0,0,0,0,3,133,164,2,0,0,0.026490066225165563,0.11920529801324503,0.8543046357615894,2,David Gil,GK
269,0.2,24,0.17,0.04,3,0.52,0.17,11.4,1819,18,0,0.52,6,0,29,50,175,137,6,4,0.26587301587301587,0.5277777777777778,0.20634920634920634,2,Kaiky,DF
70,0,0,0,0,0,0,0,0,573,1,0,0,0,0,0,25,30,1,0,0,0.16129032258064516,0.22580645161290322,0.6129032258064516,2,Yassine Bounou,GK
145,0.3,47,0,0.03,1,0.1,0,2.8,2583,40,1,0.4,6,0,27,45,173,264,20,6,0.23324396782841822,0.5388739946380697,0.22788203753351208,2,Domingos Duarte,DF
4,0,0,0,0,0,0,0,0,1648,2,0,0,0,0,0,84,104,0,0,0,0.1919191919191919,0.2727272727272727,0.5353535353535354,2,Julen Agirrezabala,GK
74,0,1,0,0,0,0,0,0,3322,3,0,0.29,0,0,2,194,239,2,0,0,0.18502202643171806,0.3788546255506608,0.43612334801762115,2,Claudio Bravo,GK
288,0,0,0,0,0,0,0,0,23314,58,0,0.21,1,0,15,992,1248,17,0,0,0.067119796,0.2107051826677995,0.7221750212404418,2,Jeremías Ledesma,GK
6,0.1,12,0,0.02,3,0.66,0,15.8,1187,8,0,1.33,6,2,28,34,132,107,6,2,0.25136612021857924,0.5573770491803278,0.1912568306010929,2,Joseph Aidoo,DF
117,0,0,0,0,0,0,0,0,1889,1,0,0.27,1,0,0,119,135,0,0,0,0.20491803278688525,0.5163934426229508,0.2786885245901639,2,Thibaut Courtois,GK
87,0,0,0,0,0,0,0,0,402,1,0,0,0,0,1,32,41,0,0,0,0.175,0.4,0.425,2,Cárdenas,GK
124,0,0,0,0,0,0,0,0,461,0,0,0,0,0,0,36,36,0,0,0,0.11428571428571428,0.4,0.4857142857142857,2,Iván Cuéllar,GK
93,0.4,14,0,0.07,7,1.33,0.19,12.3,843,10,3,3.21,8,4,9,12,83,124,96,11,0.5797101449275363,0.30917874396135264,0.1111111111111111,3,Álvaro Carreras,MF
418,0.6,6,0,0.22,9,3.58,0.8,17.8,153,4,0,2.39,1,1,4,6,13,37,32,7,0.5384615384615384,0.38461538461538464,0.076923077,3,Joaquín Panichelli,FW
491,0.4,6,0,0.14,2,0.69,0.34,11.1,736,5,0,0.34,8,1,11,16,78,70,55,7,0.4774193548387097,0.4,0.12258064516129032,3,Carlos Romero,DF
100,0.5,24,0,0.08,8,1.32,0.16,19.7,1239,16,0,2.98,13,9,4,5,94,160,116,14,0.583011583,0.3474903474903475,0.069498069,3,Franco Cervi,MF
172,0,24,0,0,1,0.2,0,16.2,1069,21,2,1.57,2,4,9,10,74,169,49,5,0.4652173913043478,0.43043478260869567,0.10434782608695652,3,Fernando,MF
489,0.2,8,0,0.07,6,1.8,0,26.5,258,3,0,1.8,3,1,0,1,16,61,97,6,0.5288461538461539,0.41346153846153844,0.057692307692307696,3,Miguel Rodríguez,MF
176,0,7,0,0,1,0.28,0,27.2,748,10,1,1.41,5,1,4,10,72,118,60,3,0.5758928571428571,0.3392857142857143,0.084821429,3,Héctor Fort,DF
555,0.8,65,0,0.1,13,1.67,0.13,19.3,1588,42,0,3.07,0,5,6,10,68,260,195,24,0.5409429280397022,0.3598014888337469,0.099255583,3,Pablo Torre,MF
98,0.3,47,0,0.05,7,1.05,0.15,18.4,1731,48,0,3.77,4,5,4,9,99,315,201,15,0.6155339805825243,0.2970873786407767,0.087378641,3,Dani Ceballos,MF
182,0,4,0,0,0,0,0,0,154,0,1,4.04,2,2,3,0,17,19,43,3,0.49122807017543857,0.42105263157894735,0.087719298,3,Javi Galán,DF
522,0,17,0,0,0,0,0,0,930,19,0,0.48,6,5,9,17,90,181,49,1,0.6395348837209303,0.29844961240310075,0.062015504,3,Daley Sinkgraven,DF
403,0,8,0,0,0,0,0,0,996,10,3,1.37,7,1,7,9,85,146,63,7,0.48695652173913045,0.45652173913043476,0.056521739,3,Álvaro Odriozola,DF
485,0,9,0,0.01,1,0.35,0,31.6,813,17,0,2.79,1,3,2,6,42,132,54,1,0.45544554455445546,0.4405940594059406,0.10396039603960396,3,Damián Rodríguez,MF
187,0.8,36,0.12,0.1,6,0.72,0.36,13.6,1255,24,0,0.36,4,7,11,21,81,258,64,7,0.48253968253968255,0.4095238095238095,0.10793650793650794,3,Dani García,MF
194,0.9,19,0.21,0.2,10,2.14,0.21,14.3,313,12,0,0.86,2,4,9,10,28,96,80,22,0.5739130434782609,0.33043478260869563,0.095652174,3,Raúl García,FW
82,0,15,0,0.01,1,0.53,0,28.8,715,7,0,0.53,1,1,3,10,54,104,23,0,0.5608108108108109,0.34459459459459457,0.094594595,3,José Campaña,MF
77,0,3,0,0.02,1,0.77,0,31.7,175,1,0,2.31,4,0,1,2,26,30,13,0,0.3829787234042553,0.46808510638297873,0.14893617021276595,3,Manu Bueno,MF
92,0.1,6,0,0.03,2,0.81,0.41,21.9,236,2,1,2.85,3,1,6,5,29,38,49,6,0.6049382716049383,0.24691358024691357,0.14814814814814814,3,Yannick Carrasco,DF
394,0,14,0,0.01,1,0.28,0,12.9,726,14,0,0.85,9,2,9,20,63,115,16,3,0.32894736842105265,0.5723684210526315,0.098684211,3,Tanguy Nianzou,DF
507,0.1,4,0.59,0.03,1,0.59,0.59,5,265,3,1,1.18,2,1,1,5,20,41,6,1,0.32608695652173914,0.5,0.17391304347826086,3,Fede San Emeterio,MF
405,0.9,13,0,0.21,9,2.25,0,17,337,10,0,3.25,4,7,5,8,41,109,78,15,0.6103896103896104,0.3116883116883117,0.077922078,3,Olasagasti,MF
401,0.3,9,0.36,0.1,5,1.81,0.73,23,340,3,2,2.9,1,3,0,1,20,76,90,6,0.584070796,0.22123893805309736,0.19469026548672566,3,Brian Ocampo,MF
75,0.2,14,0,0.07,5,1.67,0.33,18.1,208,3,0,1.33,1,0,0,1,12,35,63,13,0.5441176470588235,0.39705882352941174,0.058823529411764705,3,Ben Brereton,FW
126,0,4,0,0,0,0,0,0,340,0,0,0.88,2,2,5,15,51,24,1,0,0.5084745762711864,0.4576271186440678,0.033898305,3,Eric Curbelo,DF
466,0.3,19,0,0.04,6,0.86,0.14,16.5,1243,15,3,1.57,6,5,12,22,121,157,116,18,0.5408163265306123,0.3673469387755102,0.091836735,3,Andrei Ratiu,DF
119,0.1,30,0,0.02,3,0.51,0,17.7,1147,31,0,1.71,8,6,7,21,80,217,74,6,0.5461538461538461,0.38461538461538464,0.069230769,3,Crespo,MF
475,0.1,6,0,0.05,2,1.31,0.66,8.9,115,2,0,5.26,1,1,1,1,5,26,34,5,0.6,0.4,0,3,Alberto Risco,MF
461,0.4,5,0.23,0.09,10,2.34,0.7,22.5,488,8,3,1.87,2,3,0,6,32,106,112,10,0.6228571428571429,0.21142857142857144,0.1657142857142857,3,Benito Ramírez,FW
135,0.5,0,0,0.5,5,5.06,3.03,18.1,22,0,0,7,0,1,2,5,7,20,41,10,0.6470588235294118,0.2647058823529412,0.088235294,3,Famara Diedhiou,FW
142,0.2,30,0,0.02,4,0.51,0,22.9,997,26,1,1.14,3,8,4,14,89,237,93,8,0.5709876543209876,0.3549382716049383,0.074074074,3,Carlos Dotor,MF
528,1,22,0,0.24,9,2.11,0.47,17.3,627,21,0,3.29,4,5,7,15,59,178,58,5,0.6411483253588517,0.33014354066985646,0.028708133971291867,3,Jhon Solis,MF
297,0.7,5,0.36,0.25,9,3.28,1.46,19.9,216,2,1,2.55,1,1,4,3,17,53,75,11,0.40229885057471265,0.42528735632183906,0.1724137931034483,3,Javier Llabrés,MF
57,0.2,5,0,0.08,3,1.2,0,11.6,620,5,0,1.2,3,1,10,22,86,49,7,4,0.3652173913043478,0.45217391304347826,0.1826086956521739,3,Marc Bartra,DF
35,1.2,5,0,0.28,12,2.93,0.98,18.1,186,3,1,1.22,2,5,4,5,14,70,45,11,0.6027397260273972,0.2876712328767123,0.1095890410958904,3,Matias Arezo,FW
534,0,6,0,0,0,0,0,0,407,4,0,1.58,1,0,7,5,47,48,3,1,0.3924050632911392,0.5443037974683544,0.063291139,3,Çağlar Söyüncü,DF
445,0.2,3,0,0.15,1,0.93,0.93,8.5,115,1,0,1.86,4,0,0,0,5,4,28,4,0.5882352941176471,0.35294117647058826,0.058823529411764705,3,Portu,FW
54,0.2,8,0,0.07,4,1.19,0.59,14.1,240,0,3,3.56,2,2,2,5,15,55,98,14,0.49504950495049505,0.33663366336633666,0.16831683168316833,3,Kike Barja,FW
441,0,8,0,0.02,2,1.15,0.57,31.9,304,7,0,2.29,4,1,3,6,20,59,31,1,0.5256410256410257,0.3717948717948718,0.10256410256410256,3,Njegoš Petrović,MF
111,0.3,5,0.49,0.14,5,2.47,0.99,23.6,147,5,2,1.8,2,3,2,2,17,41,39,4,0.4909090909090909,0.3090909090909091,0.2,3,Theo Corbeanu,MF
540,0.1,13,0,0.06,1,0.68,0,11.5,518,11,1,5.37,0,0,4,7,21,59,35,5,0.48314606741573035,0.42696629213483145,0.08988764,3,Denis Suárez,MF
49,0.4,4,0,0.2,4,1.86,0.46,15.8,58,1,0,2.32,0,1,0,0,3,35,28,11,0.625,0.375,0,3,Cédric Bakambu,FW
433,0.2,10,0,0.04,4,0.82,0.2,28.1,846,8,0,0.61,12,7,8,15,104,162,11,1,0.5167464114832536,0.40669856459330145,0.076555024,3,Marcos Peña,MF
481,0,1,0,0.02,2,1.48,0,27.3,129,0,1,4.43,1,0,0,0,10,19,24,6,0.5862068965517241,0.3448275862068966,0.068965517,3,Sergio Rodelas,FW
45,0,6,0,0.04,1,1,0,11.6,388,2,0,3,0,2,2,5,29,38,2,1,0.20967741935483872,0.6612903225806451,0.12903225806451613,3,Srđan Babić,DF
42,0.7,6,0.3,0.22,9,2.72,0.91,21.9,180,2,0,2.72,0,2,4,4,9,47,69,10,0.38961038961038963,0.38961038961038963,0.22077922077922077,3,Ezequiel Ávila,FW
513,0.6,15,0.14,0.08,5,0.69,0.27,18.5,445,18,0,1.65,8,5,8,10,47,148,51,8,0.5393258426966292,0.37640449438202245,0.084269663,3,Jesús Santiago,MF
207,0,9,0,0,0,0,0,0,356,11,0,2.93,2,0,0,1,26,88,19,0,0.6,0.328,0.072,3,Fabio González,MF
453,0,8,0,0,0,0,0,0,349,6,1,1.42,1,1,2,2,20,56,48,2,0.5411764705882353,0.25882352941176473,0.2,3,Arnau Puigmal,FW
209,0,2,0,0.02,1,1.03,0,29.8,94,2,1,5.11,0,2,0,0,5,23,24,1,0.5757575757575758,0.3333333333333333,0.090909091,3,Hugo González,MF
350,0,9,0,0,1,0.23,0,23.2,1089,12,1,0.91,11,5,17,21,94,117,27,1,0.41566265060240964,0.45180722891566266,0.13253012048192772,3,Houboulang Mendes,DF
581,0,7,0,0,0,0,0,0,180,3,0,2.24,0,1,2,7,25,73,20,1,0.5595238095238095,0.38095238095238093,0.05952381,3,Arthur Vermeeren,MF
347,0.4,38,0,0.04,6,0.48,0.16,14.9,1219,34,0,1.44,4,10,4,6,65,332,118,11,0.47745358090185674,0.41379310344827586,0.10875331564986737,3,Óscar Melendo,MF
346,0,5,0,0.01,1,0.87,0,24.9,94,4,0,6.06,1,2,0,0,12,28,28,4,0.5918367346938775,0.32653061224489793,0.081632653,3,Hannibal Mejbri,MF
253,0.6,9,0,0.28,6,2.8,0.47,16.8,244,6,1,2.8,2,0,0,1,8,56,57,5,0.4523809523809524,0.3333333333333333,0.21428571428571427,3,Adnan Januzaj,FW
254,0,5,0,0.02,2,1.19,0,28.2,232,5,0,2.98,0,0,2,3,20,43,38,0,0.5,0.36486486486486486,0.13513513513513514,3,Mikel Jauregizar,MF
33,0.1,3,0,0.04,4,1.36,0,21.2,82,5,0,1.02,4,2,0,1,21,63,70,6,0.5520833333333334,0.3541666666666667,0.09375,3,Adu Ares,FW
584,0.3,1,0.94,0.28,3,2.81,0.94,12.4,191,1,0,0.94,2,2,6,5,20,21,21,4,0.3611111111111111,0.4166666666666667,0.2222222222222222,3,Nacho Vidal,DF
258,0.2,32,0,0.04,6,1.42,0.24,21.9,1165,34,0,2.61,3,3,2,6,47,175,59,3,0.4801762114537445,0.41409691629955947,0.10572687224669604,3,Joan Jordán,MF
259,1.3,14,0,0.2,7,1.1,0.47,12.9,608,13,1,1.72,3,11,7,7,50,155,134,14,0.5067873303167421,0.39819004524886875,0.095022624,3,Jordi,MF
16,0.4,3,0,0.14,3,1.08,0,17.4,124,1,0,1.08,3,1,1,0,10,47,53,9,0.5423728813559322,0.3050847457627119,0.15254237288135594,3,Mohamed Ali Cho,FW
263,0.1,21,0,0.02,4,0.63,0.16,21.8,495,9,1,3,4,6,6,10,42,108,93,14,0.5403726708074534,0.37888198757763975,0.080745342,3,Kamil Jóźwiak,MF
268,1.5,12,0.12,0.18,13,1.62,0.12,17.1,224,7,0,1.75,0,2,9,8,19,139,119,33,0.6074074074074074,0.2962962962962963,0.096296296,3,Sory Kaba,FW
250,0,21,0,0,1,0.17,0,23.7,1312,24,3,0.69,1,5,15,17,88,219,94,4,0.5510835913312694,0.3560371517027864,0.092879257,3,Imanol,DF
328,1.2,6,0,0.45,14,5.16,0.74,14.7,127,2,1,3.32,0,1,2,2,3,33,49,16,0.5416666666666666,0.2916666666666667,0.16666666666666666,3,Mariano,FW
322,0.2,6,0,0.06,5,1.97,0,20,409,4,1,2.19,6,1,3,6,35,41,53,5,0.43333333333333335,0.32222222222222224,0.24444444444444444,3,Faitout Maouassa,DF
321,0.1,25,0,0.01,1,0.12,0,13.5,2183,22,0,0.85,6,5,17,29,177,244,93,8,0.4748201438848921,0.4628297362110312,0.06235012,3,Javier Manquillo,DF
275,0.3,34,0,0.03,5,0.55,0,22.3,1351,41,1,1.54,6,7,10,14,121,328,58,2,0.48866498740554154,0.4256926952141058,0.085642317,3,Rominigue Kouamé,MF
318,0,4,0,0,1,0.37,0,29.4,547,2,1,0.37,3,2,4,4,66,68,33,0,0.44881889763779526,0.4094488188976378,0.14173228346456693,3,Wilson Manafá,DF
5,0.9,35,0,0.1,6,0.69,0.23,13.2,1424,36,1,2.43,7,14,8,17,108,245,83,12,0.47941176470588237,0.39705882352941174,0.12352941176470589,3,Lucien Agoume,MF
280,0,2,0,0,0,0,0,0,591,0,0,2,2,0,2,14,66,26,1,1,0.4523809523809524,0.5119047619047619,0.035714286,3,Yoel Lago,DF
315,0.3,2,0,0.21,4,2.98,0,15.5,61,1,0,2.23,2,3,2,2,12,30,26,6,0.6153846153846154,0.38461538461538464,0,3,Jon Magunacelaya,FW
599,0.4,6,0,0.11,5,1.49,0,16.4,239,3,0,3.28,3,2,2,3,25,33,80,17,0.6162790697674418,0.26744186046511625,0.11627906976744186,3,Xeber,FW
286,0.9,6,0,0.28,8,2.53,1.26,18.3,308,4,0,3.8,2,0,1,2,19,64,69,14,0.5280898876404494,0.3258426966292135,0.14606741573033707,3,Lázaro,FW
306,0.2,1,0,0.18,4,3.91,0,15.2,43,1,1,1.94,0,0,1,2,6,10,17,5,0.6153846153846154,0.3076923076923077,0.076923077,3,Anthony Lozano,MF
292,0.2,13,0,0.09,2,1.1,0,23,285,10,0,1.66,2,1,0,0,8,58,34,4,0.5679012345679012,0.35802469135802467,0.074074074,3,Thomas Lemar,MF
293,0,17,0,0.01,1,0.36,0,29.3,488,12,0,0.36,1,3,4,8,35,133,42,0,0.5337078651685393,0.33707865168539325,0.12921348314606743,3,Álvaro Lemos,DF
604,0,15,0,0,1,0.13,0,34.5,1182,11,4,1.41,17,2,20,28,110,117,94,8,0.4495798319327731,0.40756302521008403,0.14285714285714285,3,Joseba Zaldúa,DF
274,0.4,3,0,0.14,4,1.3,0.65,12.9,141,0,0,1.61,1,0,4,5,7,41,37,10,0.5882352941176471,0.35294117647058826,0.058823529411764705,3,Ibrahima Koné,FW
249,0.6,12,0,0.13,10,2.21,0,16.3,179,2,0,4.42,0,0,2,2,2,60,82,22,0.6947368421052632,0.24210526315789474,0.063157895,3,Borja Iglesias,FW
506,0,7,0,0.03,1,0.98,0.98,25.6,223,8,0,2.97,2,2,1,1,16,37,9,0,0.5227272727272727,0.29545454545454547,0.18181818181818182,3,Diadie Samassékou,MF
245,0.2,16,0,0.03,3,0.48,0.16,18.5,1179,20,0,0.48,2,5,13,18,113,191,27,1,0.3467153284671533,0.4781021897810219,0.17518248175182483,3,Martin Hongla,MF
577,0,28,0,0,2,0.26,0.13,20.8,1967,23,3,1.03,7,7,25,27,140,253,70,3,0.48441926345609065,0.41359773371104813,0.10198300283286119,3,Kevin Vázquez,DF
566,0.1,1,0,0.06,1,0.64,0,18.5,121,1,0,3.21,0,0,2,2,7,18,25,6,0.7333333333333333,0.2,0.066666667,3,Enes Ünal,FW
218,0.1,36,0,0.03,5,1.01,0,24.4,1540,34,1,3.02,5,9,5,5,64,222,64,2,0.38434163701067614,0.4092526690391459,0.20640569395017794,3,Andrés Guardado,MF
29,0.5,20,0,0.14,9,2.39,0.53,21.7,646,17,2,2.39,3,2,7,9,30,115,44,6,0.40441176470588236,0.4117647058823529,0.18382352941176472,3,Mauro Arambarri,MF
378,0.3,21,0,0.05,4,0.6,0.15,21.4,471,11,0,2.68,3,11,10,9,30,176,87,14,0.6084656084656085,0.30687830687830686,0.084656085,3,Ilaix Moriba,MF
25,0.4,21,0,0.06,11,1.64,0.6,21.9,456,11,0,2.09,7,7,6,7,48,133,117,16,0.5804195804195804,0.32167832167832167,0.097902098,3,Selim Amallah,FW
21,0.2,31,0.16,0.03,7,1.11,0.32,22.3,1149,26,0,2.22,8,6,10,22,93,236,64,6,0.5032679738562091,0.3790849673202614,0.11764705882352941,3,Sergi Altimira,MF
28,0,7,0,0,0,0,0,0,377,4,3,4.91,1,0,8,7,34,52,37,1,0.41304347826086957,0.391304348,0.1956521739130435,3,Fabrizio Angileri,DF
19,0.1,14,0,0.03,3,1.07,0.71,20.8,803,10,1,2.86,2,3,6,7,59,100,89,7,0.56,0.335,0.105,3,Marcos Alonso,DF
563,0.5,20,0,0.13,6,1.75,0.87,20.5,550,16,0,2.33,6,1,9,13,50,91,60,5,0.49673202614379086,0.40522875816993464,0.098039216,3,Manu Trigueros,MF
241,0.9,8,0.54,0.48,1,0.54,0.54,3.8,323,6,0,2.73,0,1,2,2,16,59,42,4,0.7263157894736842,0.2631578947368421,0.010526315789473684,3,Cristian Herrera,FW
20,0,29,0,0,1,0.12,0,27.2,2133,25,2,0.7,9,6,18,38,200,278,82,2,0.46952595936794583,0.435665914,0.094808126,3,Adrià Altimira,DF
30,0.1,26,0,0.02,4,0.66,0,23.2,1243,25,1,0.66,12,10,17,22,92,214,91,3,0.46229508196721314,0.4491803278688525,0.08852459,3,Jon Aramburu,DF
244,0.7,3,0.62,0.21,3,0.92,0.92,6.2,1152,2,0,0.31,5,1,17,30,161,93,3,3,0.6135265700483091,0.3285024154589372,0.057971014492753624,3,Juan Herzog,DF
213,0,0,0,0.01,1,0.87,0,30.8,61,1,0,0.87,0,0,2,1,9,12,21,3,0.5555555555555556,0.3333333333333333,0.1111111111111111,3,Pablo Gozalbez,MF
211,0.1,6,0,0.04,2,1.15,0,17.1,293,5,0,0.58,0,3,6,8,30,65,14,1,0.5227272727272727,0.375,0.10227272727272728,3,Urko González,MF
362,1.5,3,0.29,0.45,5,1.46,0.29,16.2,59,3,0,1.46,1,3,5,5,13,56,34,13,0.7068965517241379,0.25862068965517243,0.034482758620689655,3,Marko Milovanović,FW
360,0.1,15,0,0.02,2,0.36,0.36,22.4,1956,13,0,0.36,4,3,19,61,204,155,20,3,0.3573667711598746,0.5172413793103449,0.12539184952978055,3,Éder Militão,DF
602,4.6,20,0.29,0.45,18,1.75,0.87,12.3,404,13,0,1.07,1,2,9,10,19,140,163,34,0.7262569832402235,0.24022346368715083,0.033519553,4,Roman Yaremchuk,FW
567,12.9,18,0.4,0.48,58,2.13,0.88,17.9,492,10,2,1.21,8,7,7,14,64,219,244,91,0.5905797101449275,0.32971014492753625,0.079710145,4,Myrto Uzuni,FW
557,5.5,44,0.52,0.41,38,2.82,1.11,16.6,1196,26,5,3.94,1,6,6,6,42,237,309,56,0.5935960591133005,0.312807882,0.093596059,4,Ferrán Torres,FW
605,3.8,36,0.33,0.21,33,1.81,0.99,17.7,1446,12,16,3.79,8,6,3,1,67,242,386,74,0.45012787723785164,0.3631713554987212,0.1867007672634271,4,Bryan Zaragoza,MF
518,3.3,7,0.37,0.41,15,1.85,0.62,19.1,172,5,0,1.11,0,0,3,3,13,99,128,25,0.7021276595744681,0.28368794326241137,0.014184397163120567,4,André Silva,FW
560,0.9,30,0.16,0.15,20,3.17,1.11,19.4,847,13,2,2.54,2,1,2,2,37,110,163,24,0.5346534653465347,0.33663366336633666,0.12871287128712872,4,Bertrand Traoré,MF
603,2.4,47,0.07,0.18,33,2.42,0.66,21.6,1795,31,2,4.25,8,11,10,12,76,286,331,29,0.5150905432595574,0.31388329979879276,0.1710261569416499,4,Arsen Zakharyan,MF
508,6.3,121,0.18,0.29,41,1.87,0.5,15.6,2212,80,4,3.83,3,10,5,6,67,497,516,83,0.5877551020408164,0.3619047619047619,0.050340136054421766,4,Oihan Sancet,MF
79,1.3,35,0,0.15,12,1.34,0.45,14.5,1497,23,2,3.69,10,3,10,19,101,199,150,20,0.4460227272727273,0.3522727272727273,0.20170454545454544,4,José Callejón,MF
37,1.7,11,0.19,0.17,29,2.81,0.87,22.7,615,6,1,3.88,6,4,2,3,37,158,256,30,0.5508771929824562,0.2982456140350877,0.15087719298245614,4,José Arnaiz,FW
76,14.2,42,0.63,0.53,73,2.7,1.15,12.8,814,27,2,1.55,2,11,18,23,53,307,382,152,0.6417525773195877,0.327319588,0.030927835051546393,4,Ante Budimir,FW
596,9.4,78,0.38,0.3,93,2.94,1.36,15.4,2406,29,17,3.29,6,8,29,47,134,463,859,175,0.620958751,0.3177257525083612,0.061315496,4,Iñaki Williams,FW
597,6,66,0.2,0.24,56,2.23,0.76,15.7,2545,26,22,4.81,9,15,4,14,112,372,746,148,0.5054054054054054,0.3581081081081081,0.13648648648648648,4,Nico Williams,FW
564,6.2,89,0.35,0.27,44,1.93,0.66,17,2850,44,8,3.21,11,13,24,29,161,443,567,104,0.6152019002375297,0.2992874109263658,0.085510689,4,Viktor Tsyhankov,MF
601,5.2,80,0.2,0.21,58,2.37,0.86,17.5,3009,39,16,4.41,32,15,11,14,118,460,923,147,0.6109022556390977,0.3167293233082707,0.072368421,4,Lamine Yamal,FW
510,2.5,57,0.19,0.16,23,1.43,0.56,20.1,1779,32,6,2.05,13,10,13,18,159,356,231,31,0.49064449064449067,0.3783783783783784,0.13097713097713098,4,Antonio Sánchez,MF
516,6.1,93,0.27,0.18,45,1.36,0.6,16.6,2710,28,14,3.57,14,22,11,17,169,486,878,158,0.555672269,0.36239495798319327,0.081932773,4,Sávio,FW
71,6.2,65,0.21,0.22,56,1.98,0.53,13.3,1566,44,4,2.76,14,25,46,56,133,560,454,119,0.6335740072202166,0.2888086642599278,0.077617329,4,Lucas Boyé,FW
66,5.2,30,0.4,0.29,31,1.75,0.62,16.4,1712,10,10,3.4,9,9,13,17,87,259,480,74,0.4795539033457249,0.2899628252788104,0.23048327137546468,4,Álex Berenguer,FW
7,3.2,45,0.12,0.19,30,1.79,0.42,18.1,1318,20,6,3.4,11,16,13,12,89,271,403,70,0.6307339449541285,0.30504587155963303,0.064220183,4,Ilias Akhomach,MF
41,2,39,0.1,0.21,27,2.81,0.62,21.2,1419,25,7,3.85,1,1,8,5,41,183,253,28,0.3495702005730659,0.33810888252148996,0.3123209169054441,4,Ezequiel Ávila,FW
544,12.3,40,0.83,0.44,78,2.82,1.3,12.1,666,19,1,2.46,1,2,26,33,61,326,417,150,0.625866051,0.3279445727482679,0.046189376443418015,4,Alexander Sørloth,FW
542,2.3,6,1.03,0.47,12,2.46,1.23,14.8,244,7,1,2.26,3,6,4,1,22,68,87,23,0.6222222222222222,0.3111111111111111,0.066666667,4,Williot Swedberg,FW
18,0.6,50,0.19,0.05,10,0.93,0.37,19.3,1257,29,0,2.71,9,12,5,12,72,245,203,16,0.5519125683060109,0.33879781420765026,0.1092896174863388,4,Domingos André Ribeiro Almeida,FW
40,11.5,161,0.3,0.38,74,2.46,0.76,20,4670,99,6,5.72,4,6,8,11,99,650,816,137,0.4886839899413244,0.34199497066219614,0.16932103939647947,4,Iago Aspas,FW
52,3,80,0.14,0.14,41,1.86,0.64,19.2,2148,38,10,3.58,4,8,12,12,119,457,487,91,0.6681350954478708,0.2790014684287812,0.052863436,4,Jonathan Bamba,MF
53,5.3,45,0.29,0.25,48,2.35,0.88,16.7,1333,21,2,1.93,12,8,22,23,123,416,267,67,0.5904572564612326,0.3121272365805169,0.097415507,4,Léo Baptistão,FW
537,9.6,5,1.01,1.08,34,3.81,1.9,9,130,0,0,1.79,4,6,13,16,34,90,94,47,0.6732673267326733,0.27722772277227725,0.04950495,4,Cristhian Stuani,FW
536,14.5,25,0.41,0.46,82,2.58,1.1,11.2,766,21,3,1.92,1,15,17,19,69,472,471,165,0.7047619047619048,0.25142857142857145,0.043809524,4,Jørgen Strand Larsen,FW
17,1.2,7,0.27,0.33,8,2.14,0.54,17.4,309,5,1,2.41,3,2,3,3,19,66,60,11,0.6341463414634146,0.2682926829268293,0.097560976,4,Tadeo Allende,MF
576,1.2,15,0.13,0.15,7,0.88,0.25,14.1,917,9,4,1.26,13,8,24,32,121,142,137,14,0.5377777777777778,0.3422222222222222,0.12,4,Jesus Vazquez,DF
55,3.5,39,0.25,0.22,37,2.33,0.76,17.7,1226,15,4,2.58,7,16,5,8,82,307,415,68,0.5714285714285714,0.3326530612244898,0.095918367,4,Ander Barrenetxea,FW
59,1.4,6,0.85,0.61,15,6.37,1.7,30.2,323,5,3,3.4,1,1,0,2,8,55,88,7,0.43,0.3,0.27,4,Bebé,MF
554,3.4,23,0.07,0.24,38,2.69,0.78,18.5,443,14,0,1.56,4,3,8,12,33,226,183,58,0.559322034,0.3177966101694915,0.1228813559322034,4,Raúl de Tomás,FW
585,1,15,0,0.23,8,1.73,0.65,12.3,850,5,2,1.95,4,5,9,15,60,120,82,14,0.5706521739130435,0.32608695652173914,0.10326086956521739,4,Nacho Vidal,DF
23,1,34,0.12,0.12,12,1.42,0.47,13.9,1437,19,3,3.66,8,3,9,16,96,188,263,32,0.6202830188679245,0.3160377358490566,0.063679245,4,Hugo Álvarez,MF
587,2.3,65,0.29,0.33,12,1.75,0.58,24,1489,35,1,4.37,1,2,1,0,40,331,203,22,0.6271186440677966,0.3347457627118644,0.038135593220338986,4,Jonathan Viera,MF
588,1.3,68,0,0.13,12,1.18,0.49,18.7,1491,37,1,4.63,6,9,1,4,79,357,198,19,0.6200787401574803,0.3110236220472441,0.068897638,4,Jonathan Viera,MF
526,1.6,42,0,0.12,28,2,0.5,17.6,1722,23,9,4.92,11,9,16,12,110,218,316,48,0.3938618925831202,0.39641943734015345,0.20971867007672634,4,Alex Sola,FW
590,1.7,10,0.35,0.3,12,2.11,1.05,11.5,184,7,0,2.81,0,0,6,6,18,64,98,31,0.7314814814814815,0.23148148148148148,0.037037037037037035,4,Asier Villalibre,FW
60,1.4,13,0.23,0.17,21,2.45,1.05,17.1,363,1,3,2.22,0,2,0,0,13,85,207,42,0.5613207547169812,0.32547169811320753,0.11320754716981132,4,Sheraldo Becker,FW
62,11.1,196,0.74,0.43,62,2.41,1.32,14.8,4025,137,3,3.85,14,18,17,21,202,978,746,135,0.6422651933701657,0.2955801104972376,0.062154696132596686,4,Jude Bellingham,MF
26,1.6,13,0,0.35,12,2.74,0.46,14.1,296,8,2,3.87,7,2,6,6,32,79,90,21,0.5445544554455446,0.37623762376237624,0.079207921,4,Amath,FW
38,8.6,81,0.4,0.38,60,2.64,0.97,16.8,2305,51,4,4.04,16,17,8,13,118,498,411,78,0.6014598540145986,0.28613138686131384,0.11240875912408758,4,Sergio Arribas,MF
15,1.2,23,0.09,0.11,16,1.41,0.44,18.8,1146,31,2,3.18,7,14,13,14,74,251,223,22,0.46174863387978143,0.3770491803278688,0.16120218579234974,4,Carles Aleñá,MF
520,2.4,24,0.14,0.34,14,2,0.29,19.7,563,9,1,3.14,2,3,3,5,43,80,137,27,0.6413793103448275,0.3103448275862069,0.048275862,4,Giuliano Simeone,FW
583,2.3,23,0.16,0.19,15,1.21,0.65,15.2,1278,11,14,3.87,7,7,9,7,63,172,268,41,0.445859873,0.34394904458598724,0.21019108280254778,4,Carlos Vicente,FW
296,5.6,84,0.17,0.24,54,2.34,0.91,16.6,2608,36,3,3.33,32,17,27,43,282,509,557,107,0.627831715,0.30097087378640774,0.071197411,4,Samuel Lino,DF
502,3.6,13,0.25,0.3,33,2.76,0.84,14.7,294,8,1,1.92,2,8,10,8,17,147,206,60,0.5783132530120482,0.3493975903614458,0.072289157,4,Umar Sadiq,FW
247,2.3,67,0.08,0.18,27,2.11,0.55,18.1,1476,41,2,2.35,5,7,17,20,85,304,241,45,0.49523809523809526,0.4095238095238095,0.095238095,4,Pablo Ibáñez,MF
365,1.4,2,0.46,0.33,15,3.45,1.61,16.9,109,1,1,2.99,1,1,1,2,11,61,67,20,0.5394736842105263,0.39473684210526316,0.065789474,4,Rafa Mir,FW
234,1.2,17,0,0.18,18,2.63,0.44,15.9,489,10,6,4.38,4,10,8,4,33,135,156,34,0.5401069518716578,0.3315508021390374,0.12834224598930483,4,Luiz Henrique,FW
233,2.8,32,0,0.31,26,2.91,0.9,23.9,1189,21,4,5.37,2,14,4,2,32,162,222,25,0.4296028880866426,0.33574007220216606,0.23465703971119134,4,Ianis Hagi,MF
232,4.3,78,0.11,0.16,42,1.54,0.4,16.7,2061,40,1,2.28,18,17,16,14,108,516,430,70,0.5602322206095791,0.32946298984034833,0.11030478955007257,4,Munir El Haddadi,FW
230,11.6,55,0.57,0.47,63,2.56,1.14,13.5,1140,38,3,2.27,6,25,23,22,77,456,399,110,0.5988909426987061,0.33086876155268025,0.070240296,4,Gorka Guruzeta,FW
370,2,87,0.15,0.1,33,1.65,0.5,20,1868,44,2,3.34,4,7,10,8,109,441,453,59,0.6137404580152672,0.3435114503816794,0.042748091603053436,4,Alberto Moleiro,FW
226,1.4,17,1.43,0.34,15,3.58,1.43,21.9,611,8,0,4.3,1,3,5,7,39,114,125,19,0.5960591133004927,0.30049261083743845,0.10344827586206896,4,Arda Güler,FW
349,5.8,27,0.5,0.58,38,3.83,1.51,17.5,727,20,2,3.73,0,3,0,1,28,180,206,64,0.6367521367521367,0.2564102564102564,0.10683760683760683,4,Memphis,FW
221,2.3,50,0.28,0.22,26,2.46,0.76,19.6,1057,19,8,3.79,1,2,3,6,32,155,248,42,0.5162337662337663,0.39285714285714285,0.090909091,4,Gonçalo Guedes,FW
374,13.8,20,0.71,0.65,66,3.12,1.56,11.4,699,17,2,1.89,4,7,26,28,87,246,287,123,0.6358208955223881,0.2746268656716418,0.089552239,4,Álvaro Morata,FW
376,9.7,155,0.41,0.39,60,2.44,0.73,15.3,3399,82,6,4.07,10,7,24,32,135,594,558,125,0.526824034,0.3594420600858369,0.11373390557939914,4,Gerard Moreno,FW
216,12.3,118,0.54,0.42,75,2.55,0.99,17.3,4212,86,2,3.64,14,14,23,35,215,769,681,113,0.5312747426761678,0.32779097387173395,0.14093428345209819,4,Antoine Griezmann,FW
214,8.8,89,0.27,0.3,99,3.35,1.05,20.9,2684,62,11,3.75,3,5,4,6,76,621,690,124,0.4658385093167702,0.3447204968944099,0.18944099378881987,4,Mason Greenwood,MF
383,1.7,43,0.3,0.26,13,1.97,1.06,14.3,1364,37,0,3.78,2,3,0,4,32,256,192,24,0.5538461538461539,0.3384615384615385,0.1076923076923077,4,Iker Muniain,MF
387,10.4,40,0.27,0.4,62,2.4,0.81,14.1,999,42,2,2.01,4,3,26,28,70,486,405,116,0.5878260869565217,0.3408695652173913,0.071304348,4,Vedat Muriqi,FW
205,1.5,28,0.21,0.15,16,1.65,0.72,17,762,18,0,2.57,2,6,9,8,38,176,160,26,0.4959349593495935,0.36585365853658536,0.13821138211382114,4,Unai Gómez,MF
203,1.6,11,0,0.12,16,1.24,0.46,14.3,311,16,2,1.63,2,3,3,5,28,159,176,47,0.6113744075829384,0.2985781990521327,0.090047393,4,Maxi Gómez,FW
219,1.8,19,0.18,0.33,14,2.55,0.91,16.9,518,10,2,2.73,2,6,4,3,19,143,123,14,0.5343915343915344,0.3439153439153439,0.12169312169312169,4,Sergi Guardiola,FW
348,2,49,0.08,0.16,14,1.14,0.33,11.7,1633,44,0,2.86,7,5,11,20,94,357,133,28,0.5632183908045977,0.37701149425287356,0.059770114942528735,4,Gonzalo Melero,MF
344,11.9,67,0.63,0.5,43,1.8,0.96,15.8,1339,48,2,2.26,2,2,16,16,51,377,352,71,0.5239085239085239,0.34511434511434513,0.13097713097713098,4,Borja Mayoral,FW
342,5.6,19,0.25,0.28,32,1.61,0.6,13.8,751,12,6,2.12,12,8,31,32,109,255,370,72,0.6082251082251082,0.30735930735930733,0.084415584,4,Jaime Mata,FW
295,18.1,64,0.62,0.59,90,2.95,1.21,13.9,1192,27,4,2.06,0,6,18,24,47,361,502,165,0.6050583657587548,0.32684824902723736,0.068093385,4,Robert Lewandowski,FW
302,7.5,76,0.5,0.47,51,3.17,1.49,15.9,1710,53,2,2.61,15,18,9,11,95,418,335,69,0.6069565217391304,0.2991304347826087,0.093913043,4,Fermin López,MF
307,3.3,16,0.35,0.38,23,2.68,1.05,13.3,383,12,0,2.22,2,5,12,15,27,126,91,22,0.5495495495495496,0.38738738738738737,0.063063063,4,Anthony Lozano,FW
284,3.6,16,0.12,0.21,44,2.55,0.87,12.7,380,13,0,1.91,0,6,21,21,32,255,295,104,0.6450617283950617,0.2993827160493827,0.055555556,4,Juanmi Latasa,FW
310,5.6,17,0.6,0.48,26,2.23,1.03,13.3,530,10,1,2.06,1,4,4,10,47,144,153,44,0.5634517766497462,0.350253807,0.086294416,4,José Luis Morales,FW
311,5.6,26,0.4,0.45,42,3.36,1.36,14.4,574,8,4,3.84,2,2,5,8,36,193,298,67,0.5527156549520766,0.3194888178913738,0.12779552715654952,4,Dodi Lukebakio,FW
283,9,13,0.15,0.45,69,3.41,1.23,12.7,410,8,0,1.29,6,4,17,26,51,209,297,111,0.610655738,0.3237704918032787,0.06557377,4,Cyle Larin,FW
313,1.4,15,0.46,0.16,20,2.29,1.03,24.2,1011,12,6,2.4,7,9,2,6,53,162,182,16,0.38257575757575757,0.39015151515151514,0.22727272727272727,4,Darwin Machís,MF
281,1,17,0.39,0.19,9,1.75,0.78,14.2,451,11,2,3.89,4,10,5,2,34,101,138,26,0.6296296296296297,0.3333333333333333,0.037037037037037035,4,Érik Lamela,FW
279,2.5,93,0.05,0.11,24,1.1,0.37,16.4,2176,58,0,1.98,12,22,17,21,141,465,381,63,0.6547619047619048,0.30505952380952384,0.040178571,4,Luca de la Torre,MF
278,3.5,89,0.29,0.15,46,1.93,0.88,17.5,2892,38,5,4.61,15,6,8,11,94,404,683,122,0.5291878172588832,0.3236040609137056,0.14720812182741116,4,Takefusa Kubo,FW
272,7.7,32,0.19,0.49,56,3.54,1.45,13.1,589,15,2,2.53,2,3,12,18,51,199,280,108,0.5632183908045977,0.36398467432950193,0.072796935,4,Kiké,FW
325,1.8,6,0.33,0.6,6,1.96,0.65,11.4,112,3,0,2.62,0,1,5,6,15,31,56,15,0.625,0.3333333333333333,0.041666666666666664,4,Alberto Marí,FW
266,13.1,57,0.72,0.63,77,3.72,1.83,14.6,1443,37,2,3.81,5,5,3,2,51,290,733,193,0.5996758508914101,0.2771474878444084,0.12317666126418152,4,Vinicius Júnior,FW
264,2.5,12,0.31,0.26,14,1.44,0.72,12.6,371,6,1,2.06,2,7,3,4,27,172,133,23,0.6439024390243903,0.3121951219512195,0.043902439,4,Juanmi,FW
333,2.8,19,0.13,0.18,33,2.19,0.79,17.8,656,12,0,2.05,1,9,4,7,33,263,216,53,0.6121794871794872,0.3141025641025641,0.073717949,4,Roger Martí,FW
262,11.6,20,0.53,0.62,61,3.25,1.49,12.8,498,16,0,1.65,1,4,11,13,43,236,238,99,0.7066246056782335,0.2586750788643533,0.034700315,4,Joselu,FW
261,5.7,32,0.46,0.26,48,2.19,1.1,16.3,838,16,1,1.92,1,2,15,18,50,333,304,73,0.6455696202531646,0.2742616033755274,0.080168776,4,Willian José,FW
255,6.5,15,0.59,0.64,39,3.83,1.28,14.2,389,14,1,2.66,2,5,13,11,28,151,160,56,0.5083798882681564,0.39664804469273746,0.094972067,4,Luis Javier Suárez,FW
397,2.3,15,0.16,0.37,14,2.2,0.79,15.9,395,9,0,2.99,1,6,11,13,34,122,131,36,0.6666666666666666,0.3076923076923077,0.025641026,4,Randy Nteka,FW
81,4.5,41,0.16,0.24,33,1.79,0.7,15.6,839,22,0,2.49,3,10,15,18,47,278,265,62,0.6179104477611941,0.31044776119402984,0.071641791,4,Sergio Camello,FW
186,6.2,63,0.22,0.22,45,1.64,0.62,16,2288,30,21,2.87,15,10,33,33,196,354,567,101,0.5093582887700535,0.3449197860962567,0.14572192513368984,4,Álvaro García,FW
179,2.6,40,0.12,0.15,29,1.68,0.64,17.8,1306,23,8,2.96,5,8,18,17,97,258,333,49,0.5486111111111112,0.3773148148148148,0.074074074,4,Jorge de Frutos,FW
462,3.7,54,0.05,0.19,51,2.54,0.9,21.7,1872,18,4,3.84,4,6,14,17,68,328,515,81,0.5666131621187801,0.2857142857142857,0.1476725521669342,4,Sandro Ramírez,FW
463,10.1,28,0.17,0.35,76,2.62,0.93,12,630,13,1,1.34,9,15,44,51,100,323,479,136,0.6547619047619048,0.30714285714285716,0.038095238,4,Chris Ramos,FW
465,7.4,57,0.39,0.48,58,3.82,1.32,19.8,2397,39,8,5.86,6,6,11,11,80,338,484,81,0.48228043143297383,0.3420647149460709,0.17565485362095531,4,Raphinha,FW
467,4.9,22,0.4,0.32,33,2.19,0.8,11.6,453,14,0,1.46,4,2,11,12,35,199,224,64,0.7089552238805971,0.2537313432835821,0.037313433,4,Raúl,FW
468,0.8,14,0.12,0.1,17,2.12,0.5,19.4,845,12,3,3.61,4,2,7,6,46,102,198,36,0.42857142857142855,0.34183673469387754,0.22959183673469388,4,Abderrahman Rebbach,FW
133,5.7,75,0.47,0.33,38,2.21,0.99,16,1835,42,7,4.37,4,16,2,8,51,400,540,93,0.687964339,0.2526002971768202,0.059435364,4,Brahim Díaz,FW
132,2.5,20,0.17,0.21,21,1.8,0.26,13.7,410,4,1,1.98,5,9,7,10,53,190,251,49,0.7454545454545455,0.21363636363636362,0.040909091,4,Assane Diao,FW
474,2.7,53,0.18,0.16,37,2.18,0.94,18,2141,25,8,3.6,18,4,20,20,172,302,457,85,0.6066115702479339,0.2958677685950413,0.097520661,4,Rodrigo Riquelme,DF
460,4.7,42,0.17,0.27,40,2.32,0.69,17.5,1275,26,2,3.29,5,6,10,11,90,251,263,59,0.4983388704318937,0.3588039867109635,0.14285714285714285,4,Largie Ramazani,FW
478,1.7,50,0.31,0.18,10,1.05,0.42,12.5,1875,57,1,2.51,4,10,7,10,112,448,179,28,0.5977011494252874,0.3464696223316913,0.055829228,4,Sergi Roberto,MF
482,1.1,65,0,0.09,18,1.54,0.43,18.6,1882,36,6,2.83,6,7,2,3,98,325,299,43,0.5531914893617021,0.3539651837524178,0.092843327,4,Rodri,FW
484,1.5,52,0.19,0.14,34,3.16,0.84,24.9,1332,39,1,4.56,2,15,5,7,56,287,259,30,0.5172413793103449,0.31773399014778325,0.16502463054187191,4,Óscar Rodríguez Arnaiz,MF
490,11.7,90,0.38,0.44,86,3.25,1.32,15.2,1882,42,4,4.2,2,9,6,3,50,414,905,206,0.7440087145969498,0.22004357298474944,0.035947712,4,Rodrygo,FW
492,7.3,16,0.35,0.63,42,3.64,1.47,14.8,319,9,1,2.51,2,2,11,9,35,143,202,63,0.580110497,0.35359116022099446,0.066298343,4,Isaac Romero,FW
493,1.3,14,0.62,0.26,8,1.64,0.62,15.9,338,7,1,2.05,2,3,2,5,39,118,71,5,0.7050359712230215,0.28776978417266186,0.007194245,4,Luka Romero,FW
496,2.5,2,0.55,0.7,13,3.57,1.65,13.7,67,3,0,1.1,2,0,5,5,11,43,74,22,0.7192982456140351,0.2631578947368421,0.017543859649122806,4,Vitor Roque,FW
88,4.2,13,0.49,0.52,21,2.56,1.22,14.3,280,9,1,1.95,3,4,7,7,33,161,146,46,0.7391304347826086,0.20772946859903382,0.053140097,4,Marc Cardona,FW
84,2.8,52,0.07,0.21,43,3.15,1.24,21.4,1421,29,4,2.35,7,11,9,7,83,230,280,55,0.4915254237288136,0.3587570621468927,0.1497175141242938,4,Sergi Canós,MF
113,7.9,61,0.53,0.47,42,2.47,1.12,17,1162,29,2,4,3,11,6,7,53,268,405,129,0.6586433260393874,0.24070021881838075,0.10065645514223195,4,Ángel Correa,FW
454,1.6,12,0,0.4,10,2.55,1.78,17.5,465,9,4,4.84,1,3,3,0,18,71,98,19,0.5,0.3090909090909091,0.19090909090909092,4,Nemanja Radonjić,MF
452,3.2,22,0,0.39,17,2.1,0.49,16,553,13,3,3.57,6,5,4,3,43,137,148,33,0.5392670157068062,0.35602094240837695,0.10471204188481675,4,Antonio Puertas,MF
143,4.6,13,0.7,0.46,26,2.59,1.49,13.5,216,7,1,1.99,2,6,9,10,25,123,145,49,0.6363636363636364,0.3146853146853147,0.048951049,4,Anastasios Douvikas,FW
414,9.1,39,0.38,0.38,38,1.59,0.67,15.2,979,22,0,1.71,7,11,12,13,83,335,317,79,0.6388261851015802,0.309255079,0.051918736,4,Mikel Oyarzabal,FW
170,0.7,12,0.36,0.12,5,0.89,0.36,18.9,411,4,3,2.49,4,7,4,12,60,108,120,23,0.6407766990291263,0.3300970873786408,0.029126214,4,Valery Fernández,MF
168,1.5,4,0.44,0.33,8,1.76,0.66,15.1,86,4,0,0.66,3,6,5,6,16,79,49,14,0.6027397260273972,0.3287671232876712,0.068493151,4,Carlos Fernández,FW
164,8.7,68,0.41,0.51,61,3.56,1.46,15.8,1372,31,1,3.62,9,7,11,15,91,351,495,104,0.6415711947626841,0.28314238952536824,0.075286416,4,João Félix,FW
162,2.2,67,0.09,0.19,28,2.4,0.6,19.2,2256,53,3,5.14,5,7,3,4,48,361,351,54,0.5842696629213483,0.28277153558052437,0.13295880149812733,4,Nabil Fekir,MF
430,1.3,20,0.36,0.23,17,3.04,1.43,22.2,625,7,1,3.39,3,6,5,3,29,124,170,15,0.5116279069767442,0.33488372093023255,0.15348837209302327,4,Pejiño,FW
431,2.5,22,0.15,0.18,17,1.24,0.44,14.5,661,3,5,3.12,12,10,7,9,66,150,260,50,0.6162790697674418,0.3372093023255814,0.046511627906976744,4,Facundo Pellistri,MF
161,1.7,16,0,0.24,17,2.36,0.69,19.3,491,8,3,1.94,3,1,10,7,41,94,141,29,0.5734265734265734,0.36363636363636365,0.062937063,4,Peter Federico,MF
158,2.7,7,0.22,0.6,16,3.54,1.33,14.5,186,5,0,2.87,1,5,4,4,13,67,91,23,0.7474747474747475,0.21212121212121213,0.04040404,4,Radamel Falcao,FW
436,7.4,80,0.35,0.29,68,2.67,1.02,13.5,1889,46,0,3.53,16,33,18,19,126,510,513,156,0.6808176100628931,0.2783018867924528,0.040880503144654086,4,Ayoze Pérez,FW
437,1.2,18,0.12,0.14,24,2.8,0.7,21.4,575,10,2,3.38,6,5,8,9,55,147,200,25,0.5443037974683544,0.34177215189873417,0.11392405063291139,4,Carles Pérez,MF
157,3,25,0.1,0.31,33,3.43,0.83,17.8,769,11,1,2.08,7,5,5,7,58,194,271,60,0.6845637583892618,0.25838926174496646,0.05704698,4,Abde Ezzalzouli,FW
439,1.9,47,0.11,0.2,13,1.4,0.54,18.7,1507,33,0,2.91,11,15,6,14,76,285,155,15,0.4218289085545723,0.44542772861356933,0.13274336283185842,4,Kike Pérez,MF
150,10.8,17,0.56,0.38,72,2.52,1.02,12.1,471,11,0,0.77,3,4,29,31,75,248,248,115,0.5978260869565217,0.35507246376811596,0.047101449,4,Youssef En-Nesyri,FW
147,11.5,34,0.39,0.35,66,2,0.88,12.9,712,19,0,1.48,5,8,27,36,92,416,418,123,0.6598360655737705,0.3094262295081967,0.030737704918032786,4,Hugo Duro,FW
444,1.4,10,0,0.27,9,1.71,0.76,12.5,432,3,1,2.46,12,10,5,8,57,83,126,22,0.59375,0.3,0.10625,4,Yeremi Pino,MF
446,3.4,32,0.53,0.26,21,1.59,0.76,11.5,778,13,2,2.2,3,10,6,4,43,183,207,55,0.5661764705882353,0.3639705882352941,0.069852941,4,Portu,MF
144,24.2,26,0.83,0.84,77,2.68,1.25,12.4,471,9,0,1.98,2,1,17,19,36,230,341,185,0.7121212121212122,0.2696969696969697,0.018181818,4,Artem Dovbyk,FW
450,3.2,26,0.43,0.23,33,2.34,0.99,14.8,475,12,0,1.63,2,2,12,16,34,171,181,43,0.5392156862745098,0.3480392156862745,0.11274509803921569,4,Abdón Prats,FW
406,10.8,18,0.38,0.51,64,3,1.13,13.5,468,11,0,1.46,1,4,14,18,38,289,282,107,0.6293706293706294,0.32517482517482516,0.045454545454545456,4,Samu Omorodion,FW
301,3.7,73,0.1,0.12,41,1.39,0.51,15.4,1914,35,7,2.68,14,16,12,24,152,457,504,95,0.5936599423631124,0.32132564841498557,0.085014409,4,Diego López,MF
